病id,病名
0,子宫粘膜下肌瘤
1,cMo）
2,下肢静脉曲张术后
3,秃发性毛囊炎
4,肝左叶低密度影
5,胰头占位待查
6,右足骨折后
7,糖尿病视网膜病变（Ⅲ期）
8,高尿酸症
9,双侧筛窦轻度炎症
10,L2-S1椎体相对面终板炎
11,结肠多发增生性息肉
12,胰体切缘胰高血糖素瘤复发
13,右侧胸膜局限性增厚
14,肝硬化失代偿期
15,左侧卵巢囊肿
16,T12椎体楔形变
17,慢性
18,非酒精性脂肪性肝炎
19,左侧上颌窦炎及筛窦炎
20,双肾上腺结节
21,前纵膈占位
22,甲状腺乳头状癌
23,慢性乙型病毒肝炎
24,类风湿关节炎
25,乙型肝炎后肝硬化
26,右膝关节退行性骨关节病
27,脾脏小结节
28,右侧肱骨骨折后
29,前列腺增生症伴前列腺钙化
30,两肺门多发钙化灶
31,左下肺支气管轻度扩张
32,双侧输尿管扩张
33,甲状腺结节切除术后
34,肾上腺肿瘤切除术后
35,慢性肾功能不全（CKD2期）
36,间歇性II度I型房室传导阻滞
37,结肠黑变病
38,心律失常
39,月经紊乱
40,高血压病1级（很高危组）
41,垂体Rathke囊肿
42,胰头癌
43,卵巢切除术后
44,高血压病 3级 （极高危）
45,肝内实质性占位（血管瘤？）
46,双眼黄斑变性
47,心脏起搏器植入术后
48,高血压3级(极高危)
49,左侧乳突炎
50,丘疹性荨麻疹
51,糖尿病视网膜病变Ⅱ期
52,中度慢性非萎缩性胃炎伴轻度急性活动
53,双侧白内障
54,L5/S1椎间盘膨出
55,L3/4椎间盘突出
56,双侧筛窦及上颌窦炎症
57,双侧侧脑室旁慢性缺氧性改变（Fezakas 1级）
58,肝右叶钙化灶
59,左锁骨下及左颈总起始处
60,糖调节异常
61,右眼结膜炎
62,右膝关节积液
63,桥本氏病
64,非酒性脂肪肝
65,子宫腺肌瘤
66,左肾结石经皮肾镜碎石术后
67,左侧肾脏结石
68,两肺支气管扩张伴感染
69,高血压2级（级高危组）
70,左乳腺占位
71,右声带癌术后
72,眩晕症
73,甲状腺高功能腺瘤
74,冠心病  不稳定性心绞痛
75,两侧胸腔少量积液
76,肛周脓肿
77,双眼泪道阻塞
78,高血病3级（极高危）
79,右侧肩周炎
80,双侧肩关节退变
81,右下肢血运重建术后（球扩 支架植入）
82,左侧肾脏积水
83,左额部皮下软组织轻度肿胀
84,脑卒中后遗症
85,子宫肌瘤切除术后
86,轻度萎缩性胃炎伴肠上皮化生
87,糖尿病视网膜病变（2期）
88,粒细胞减少
89,肾上腺占位切除术后
90,垂体前叶功能减退症
91,宫颈恶性肿瘤：鳞癌Ⅲb期
92,右上肺上叶条索影
93,右侧基底节陈旧性脑梗死
94,筛窦及蝶窦炎症
95,胆囊多发结石
96,右侧腓静脉血栓
97,冠脉内支架植入术后
98,双眼玻璃体腔灌洗术后
99,两侧额顶叶及侧脑室旁慢性缺氧性改变(Fezakas I 级)
100,左肾透明细胞癌射频消融术后
101,慢性阻塞性肺疾病
102,轻度酒精性脂肪肝
103,高血压病（3级极高危）
104,慢性蝶窦炎
105,双下肢动脉硬化性闭塞症
106,肝功能损伤
107,双侧输尿管结石术后
108,左侧椎动脉支架植入术后
109,左膝关节置换术后
110,左侧肾上腺结合部稍增粗
111,左肺非小细胞癌
112,C3-7椎间盘突出伴椎管狭窄
113,慢性胃炎（HP感染）
114,骨折
115,双侧下鼻甲肥大
116,过敏性荨麻疹
117,急性肾损伤（KDIGO分级1级）
118,胆囊增大
119,右乳纤维瘤剥除术后
120,左肺舌叶索条
121,左侧肺部感染
122,双耳听力下降（神经性）
123,两侧筛窦炎症
124,风湿性多肌痛
125,甲状腺乳头状癌全切除术后
126,妊娠31周
127,右侧甲状腺切除术后
128,甲状腺乳头状癌术后(腺体内播散)
129,右臀部炎性肌纤维母细胞肿瘤
130,右足第4趾截趾术后
131,下腔静脉滤器植入术后
132,双侧腘动脉狭窄症
133,慢性肾脏病2期
134,胰管扩张(考虑胰腺癌可能)
135,左膝人工关节置换术后
136,右下肢骨折
137,高血压病 2级 （极高危）
138,糖尿病足伴感染
139,左侧脉络膜萎缩
140,冠状动脉旁路移植术后
141,食道炎
142,胰头脂肪化
143,左下肢皮肤感染
144,间充质干细胞移植术后
145,腰骶部筋膜炎
146,直肠）
147,左下肢动脉轻度狭窄
148,右肺支气管扩张
149,颈椎病（C4-7 椎间盘突出
150,颈内动脉粥样硬化
151,扁桃体切除术后
152,睑板腺恶性肿瘤
153,左足第一趾骨骨折外固定术后
154,乙状结肠癌术后
155,双肺结节
156,风湿性心脏病
157,椎间盘膨出
158,翼状胬肉
159,孕13周
160,二尖瓣脱垂伴关闭不全
161,双侧肾上腺占位
162,右侧附件包块
163,红斑狼疮
164,肝内多发钙化灶
165,高血压1级（高危组）
166,右肺上叶及中叶支气管扩张伴炎症
167,多发性骨髓瘤
168,两侧胸少量腔积液
169,高血压病2级 极高危
170,心律失常 窦性心动过缓 一度房室传导阻滞 阵发性心房颤动 间歇性二度房室传导阻滞
171,低T3综合症
172,双下肢静脉瓣膜功能不全
173,混合型颈椎病
174,右侧肾上腺结节
175,更年期综合症
176,左肺多发结节
177,慢性鼻窦炎
178,十二指肠球炎
179,左膝关节退变
180,冠状动脉壁钙化
181,原发性甲状腺功能减退症（桥本甲状腺炎可能）
182,颈椎退变伴C3/4椎间盘突出
183,不稳定性心绞痛
184,椎间盘突出症
185,食管-胃底静脉曲张
186,输尿管镜碎石术后
187,亚临床甲减（桥本氏甲状腺炎？甲状腺激素抵抗综合征？）
188,咽炎
189,异基因造血干细胞移植后
190,右足急性淋巴管炎
191,肝右后叶小血管瘤
192,T1椎体低密度区
193,贲门炎
194,右耳胆脂瘤
195,两肺散在索条
196,腰背部筋膜炎
197,肠易激综合症
198,重度脂肪肝
199,右侧甲状腺结节
200,脑梗死
201,尿路结石
202,子宫切除术后状态
203,食管静脉曲张内镜下治疗后
204,胰腺囊肿
205,颈椎间盘变性
206,高血压3级 高危组
207,恐惧症
208,双肾轻度积水
209,皮层下动脉硬化性脑病
210,心律失常（房性早搏）
211,双侧上颌窦炎  左侧乳突炎
212,前列腺钙化灶
213,右侧髋关节置换术后
214,右肺上叶结节
215,颈部淋巴结肿大
216,酒精性肝硬化
217,扁桃体摘除术后
218,冠状动脉粥样硬化性心脏病 不稳定型心绞痛
219,肺钙化(左肺)
220,冠心病 冠脉支架置入术后
221,孕8周
222,两肾囊肿
223,甲状腺功能亢进症
224,两下肺间质性改变
225,副鼻窦炎症
226,骶管囊肿
227,两肺陈旧灶
228,贲门下溃疡
229,双膝关节骨性关节炎
230,甲状腺肿瘤术后
231,双侧髋关节骨性关节炎
232,腰椎滑脱
233,腰椎间盘膨出症
234,脾脏切除术后
235,双侧乳腺结构不良(小叶增生)
236,胰腺导管内乳头状粘液瘤
237,左侧髋关节滑膜增生伴骨质破坏
238,凝血因子Ⅺ缺乏
239,高血压2级 极高危
240,精神分裂症
241,纵膈结节
242,双侧马蹄肾
243,肾萎缩
244,内侧支增粗
245,动脉粥样硬化症
246,心肌轻度缺血
247,T12-L2椎体黄髓化
248,结肠多发憩室
249,中孕
250,慢性乙型病毒性肝炎
251,C3-7颈椎间盘突出
252,多发性肝囊肿
253,双膝关节积液
254,痛性糖尿病神经病变
255,右肺肺气肿
256,两肺上叶结节钙化灶
257,肝损害
258,高血压Ⅲ级（极高危组）
259,神经性耳鸣
260,左肺钙化灶
261,非酒精性脂肪性肝
262,左侧肾上腺占位
263,扁桃体摘除术
264,左下肢股浅动脉闭塞症
265,颈部蜂窝组织炎
266,高血压病3级 （很高危组）
267,左侧甲状腺占位
268,右下肢人工动脉置换术后
269,腹主动脉）
270,胰腺脂肪浸润
271,左肾结节
272,.非酒精性脂肪肝
273,1度房室传导阻滞
274,脑外伤（陈旧性）
275,腹腔镜胆囊切除术后
276,前列腺体积增大
277,慢性肾盂肾炎
278,食管前方结节
279,前列腺癌术后
280,萎缩性胃炎 贲门炎
281,左侧腮腺混合瘤切除术后
282,脑萎缩
283,心功能不全III级
284,双肺大泡
285,乙状结肠炎
286,肝囊肿（多发）
287,右肾旋转不良
288,肝脏多发囊肿
289,视网膜色素变性术后
290,玻璃体混浊
291,横结肠息肉样隆起
292,左侧肾上腺内侧支增粗
293,右侧上颌窦炎症
294,左肾结石碎石术后
295,双耳轻中度感音神经性听力下降
296,膀胱肿瘤术后复发转移
297,双侧颈部淋巴结肿大
298,腰椎退变 腰椎间盘突出症
299,左侧桥小脑角区面听神经根部较右侧稍饱满
300,高血压病3级极高危
301,L4-S1腰椎间盘突出
302,孕25周
303,高血压2级（中危组）
304,左颈内动脉床突段及终末端血管瘤可能
305,肩周炎
306,肝内多发占位
307,椎间盘变性
308,两肺上叶钙化灶
309,椎间盘轻度膨出
310,慢性食管炎
311,眼部肿瘤术后
312,垂体泌乳素瘤（微腺瘤）
313,肝内多发囊肿可能
314,甲状腺左叶内结节
315,下鼻甲肥厚
316,前列腺多发钙化灶
317,双下肢动脉粥样硬化闭塞
318,慢性肾功能不全（CKDI期）
319,萎缩性胃炎
320,两肺多发结节伴钙化
321,左室舒张功能减低
322,鼻中隔偏曲
323,左足皮肤感染
324,右肾囊肿去顶减压术后
325,左锁骨上窝后软组织结节
326,颈部脓肿切开术后
327,T9椎体血管瘤可能
328,复视
329,两肺炎性病变
330,右下腹皮肤感染
331,胸椎间盘轻度突出
332,胃多发溃疡
333,右肾微小结石
334,左侧卵巢占位
335,膀胱炎
336,腔隙性脑梗死急性期
337,心律失常：频发早搏
338,垂体性性腺功能减退症
339,左肾上腺内侧支增粗
340,胃转流术后
341,双膝骨关节炎
342,全子宫切除术后
343,左腕骨骨折内固定术后
344,肠疝
345,肝脏点状钙化
346,左耳急性中耳炎？
347,急性胰腺炎
348,前列腺轻度增生
349,血吸虫肝病
350,颈椎病（C3-7椎间盘突出
351,左眼异物取出术后
352,右侧肾上腺占位
353,前列腺增生
354,高血压病 3级 极高危组
355,脑梗后遗症
356,输尿管囊肿
357,右侧鼻息肉
358,左侧肩胛骨软组织内占位可能
359,两肺支气管轻度扩张
360,双侧颈动脉粥样硬化
361,尿潴留
362,心包少量积液
363,糖尿病肾病（CKDI期）
364,颈椎病（椎管狭窄）
365,腰椎间盘突出伴腰椎管狭窄
366,鼻息肉
367,右侧外展神经麻痹
368,腰椎退变 L2-S1膨出
369,左下肢淋巴管炎
370,垂体微腺瘤可能
371,慢性肾脏病（CKD3期）
372,完全性右束支传导阻滞
373,颈动脉内膜增厚伴斑块
374,前庭大腺炎伴感染
375,左侧输尿管结石术后
376,左侧肾脏轻度积水
377,糖尿病视网膜病变激光术后
378,胰管扩张
379,间充质干细胞移植治疗术后
380,主动脉夹层术后
381,右肺中叶及左肺下叶结节
382,慢性肾脏病5期
383,右侧颞极蛛网膜囊肿
384,双肺间质性肺炎
385,慢性支气管炎
386,右肩关节炎
387,玫瑰座疮（毛囊虫感染）
388,左侧颌下淋巴结肿大
389,左环
390,双侧腕管综合症
391,颈
392,L4/5腰椎间盘突出伴椎间隙狭窄
393,肝功能异常
394,左侧颈部脂肪瘤切除术后
395,左膝内外侧半月板后角及右膝内半月板后角II度损伤
396,左肾实质性占位
397,慢性心功能不全（NYHA心功能1级）
398,筛窦囊肿
399,胆囊炎
400,左侧甲状旁腺结节
401,胆汁反流性胃炎伴糜烂
402,频发性室性早搏
403,左肺小结节
404,脑梗死后遗症期
405,脾脏破裂
406,垂体饱满
407,原发性甲状腺功能减退
408,横结肠绒毛状管状腺瘤伴低度上皮内瘤变
409,腰椎管狭窄症
410,动脉粥样硬化闭塞症
411,慢性浅表性胃炎伴糜烂
412,右输尿管肿瘤根治术后
413,右肾切除术后
414,食管憩室
415,2型糖尿病；
416,右侧颈内动脉近端狭窄
417,左肾上腺占位
418,贲门息肉夹除术后
419,双下肢动脉粥样化硬化症
420,焦虑症伴抑郁状态
421,股癣
422,痛风
423,萎缩性胆囊炎
424,C4椎体内小血管瘤可能
425,右侧肾脏摘除术后
426,陈旧性T12压缩性骨折
427,左侧肾上腺钙化
428,4-5
429,胃体间质瘤
430,肥厚型心肌病
431,右足踇趾近节趾骨骨折
432,两肺多发细小结节
433,房颤射频消融术后
434,甲状腺功能亢进症（亚甲炎可能）
435,筛窦粘膜略增厚
436,左侧肾上腺多发结节
437,左下肢动脉闭塞症
438,前列腺炎
439,左侧输尿管碎石术后
440,左侧肾上腺髓样脂肪瘤可能
441,脑出血
442,腰椎病 腰椎间盘突出症
443,双侧筛窦粘膜增厚
444,颈椎间盘突出症  椎管狭窄
445,乳腺结节伴小叶增生
446,高血压病3级（高危组）
447,脾大
448,肺部占位
449,右侧乳突炎
450,胸腺增生
451,骶管小囊肿
452,右侧输尿管囊肿
453,右侧腮腺囊肿切除术后
454,肝功能损害
455,宫颈息肉
456,尺骨骨折
457,心因性精神分裂症
458,陈旧性脑梗死
459,慢性腹泻
460,右侧乳腺内囊肿
461,左下肢血管弹性重度下降
462,两肺间质性病变
463,胸椎压缩性骨折
464,胃造瘘术后
465,右乳纤维腺瘤剥除术后
466,右束支阻滞
467,冠心病（冠脉支架置入术）
468,左肾+胰尾+脾脏联合切除术后
469,白细胞减少症
470,鼻息肉摘除术后
471,糖尿病视网膜病变1期
472,肾动脉轻度狭窄
473,肺结节病
474,高血脂症
475,甲状腺大部切除术后
476,右侧甲状腺背侧结节
477,高血压2级（高危组）
478,左下肺炎
479,左侧颈动脉硬化症
480,慢性乙型病毒性肝炎携带者
481,双颈动脉粥样硬化症
482,肝钙化灶
483,乙状结肠癌根治术后
484,左肩胛骨软组织占位术后
485,右下肢动脉缺血
486,左侧肾上腺外侧支增粗
487,腰椎退变伴L4/5
488,耳鸣
489,左侧颈动脉斑块形成
490,分泌性中耳炎
491,上颌窦及筛窦炎症
492,颈椎病（C6/7水平椎管轻度变窄）
493,甲状腺次全切除术后
494,原发性醛固酮增多症待排
495,心脏起搏器植入后
496,外阴湿疹
497,右侧肾上腺外侧支小结节
498,肺源性心脏病
499,垂体小结节可能
500,颈动脉粥样硬化伴狭窄
501,甲状腺全叶微小乳头状癌
502,双膝关节置换术后
503,肝左叶钙化灶
504,右膝关节置换术后
505,癫痫
506,左侧乳腺内钙化灶
507,腕管综合征术后
508,左眼IV期）
509,左侧甲状腺下极钙化
510,血友病甲
511,直肠癌
512,甲状旁腺功能减退症（甲状腺术后）
513,高血压病（1级 高危）
514,卵圆孔未闭？
515,结肠腺癌
516,右枕部皮下脂肪瘤
517,右侧肾上腺内侧支低密度结节
518,血吸虫性肝病
519,肝功能不全
520,升结肠息肉
521,左侧甲状腺背侧部实质性占位
522,腰椎间盘变性
523,甲状腺腺瘤
524,Graves病
525,左侧甲状腺滤泡囊肿
526,轻度慢性萎缩性胃炎伴肠上皮化生
527,空泡蝶鞍
528,支气管扩张
529,乙肝病毒携带者
530,右下肢胫后动脉闭塞
531,肝右叶囊肿可能
532,脑干左侧腔隙性脑梗死
533,不稳定型心绞痛
534,前列腺增生伴前列腺结石
535,右甲状腺结节
536,甲状腺钙化灶
537,慢性肾脏病（CKD4期）
538,双侧上颌窦及右侧筛窦炎症
539,高血压2级（中危）
540,心功能Ⅲ级
541,肠系膜下动脉狭窄
542,慢性非萎缩性胃炎伴糜烂
543,先天性心脏病 房间隔缺损
544,冠心病可能
545,左乳腺癌切除术后
546,部分空泡蝶鞍
547,甲亢131碘治疗后
548,轻度慢性萎缩性胃炎
549,主动脉狭窄伴关闭不全
550,心功能II级（NYHA分级）
551,乳腺小叶增生
552,左上肺陈旧性病变
553,右肺奇叶
554,甲状腺功能减退症（甲状腺术后）
555,双肺支气管扩张伴感染
556,胆囊炎并胆管内结石
557,帕金森综合症？
558,左侧肾上腺轻度增粗
559,双手皮肤接触性皮炎
560,右眼底黄斑
561,左肾肿瘤切除术后
562,左眼黄斑分支静脉阻塞
563,结节性甲状腺肿伴甲亢
564,急性肾盂肾炎
565,贲门间质瘤
566,孤肾
567,左侧前列腺占位
568,宫颈癌放化疗后
569,双侧锁骨骨折术后
570,双侧肩袖损伤
571,糖尿病神经源性膀胱
572,后循环缺血
573,经腹腔镜行胃转流术后
574,双侧肾上腺增粗
575,甲状腺两叶钙化
576,宫颈癌术后
577,右侧锁骨陈旧性骨折
578,睾丸肿物切除术后
579,L3-S1椎间盘突出
580,L4 椎体内血管瘤可能
581,糖尿病足（左侧）
582,短阵房速
583,浅表性胃炎伴糜烂（病理示轻度慢性非萎缩性胃炎）
584,右侧肾上腺髓性脂肪瘤
585,左侧小腿肌间静脉血栓
586,右侧结节性甲状腺肿术后
587,右乳腺占位
588,高血压（极高危组）
589,下腔静脉与门静脉之间多发轻度肿大淋巴结
590,糖尿病周围神经病变（亚临床）
591,冠心病 心房颤动
592,左侧肾上腺增粗
593,甲状腺右叶小滤泡
594,银屑病
595,左腓骨骨折复位术后
596,慢性肾功能不全（CKD4期）
597,湿疹
598,浅表性胃炎伴糜烂（轻度慢性胃炎萎缩性胃炎伴肠上皮化生）
599,器质性精神障碍
600,两肺多发结节
601,两侧筛窦炎
602,腔隙性梗塞
603,甲状腺左叶钙化灶
604,椎间盘突出（L4-S1）
605,左枕叶后方蛛网膜颗粒可能
606,浅表型胃炎伴糜烂
607,胆囊壁息肉
608,双肾多发结石
609,前列腺多发结石
610,糖尿病视网膜病4期
611,副鼻窦炎
612,右膝半月板损伤
613,颅骨去骨瓣减压术后
614,颈椎管轻度变窄
615,ANCA相关血管炎
616,右肺中叶胸膜下小结节
617,高血压病(3级极高危)
618,右肺中叶胸膜下结节
619,右侧鼓室置管术后穿孔未愈
620,肝脏点状钙化灶
621,不完全右束支传导阻滞
622,后背痈肿
623,肺部结节
624,L5棘突旁脂肪瘤可能
625,甲状腺双叶滤泡囊肿
626,胰岛素自身免疫综合症
627,右肺中叶钙化灶
628,2型呼吸衰竭
629,右侧颈动脉斑块
630,双侧声带息肉
631,甲状腺腺瘤切除术后
632,慢性丙型病毒性肝炎
633,脑器质性精神障碍
634,继发性房间隔小缺损
635,心功能II级
636,胰腺脂肪变
637,左眼接触性皮炎
638,腕管综合症
639,高血压2级（很高危组）
640,血小板）
641,两肺下叶支气管扩张
642,冠状动脉硬化症
643,输尿管结石
644,腰椎退行性病变
645,幽门管口溃疡（愈合期）
646,心脏起搏器术后
647,右侧卵巢囊肿
648,左肾上腺外支增粗伴钙化
649,心律失常：心房扑动伴心动过速
650,妊娠10周余
651,糖尿病周围血管病变
652,胆囊结石.胆囊炎
653,带状疱疹后遗症
654,右侧肾上腺外侧支结节
655,右乳包块切除术后
656,反流性食管炎（A级）
657,亚临床甲状腺功能亢进症
658,亚临床型甲减
659,全子宫+左侧附件切除术后
660,右手指骨骨折
661,右锁骨下动脉粥样硬化症
662,色素性紫癜性皮病
663,肝脏钙化灶
664,甲状腺机能亢进症（Graves病）
665,高血压病2级（中危组）
666,慢性活动性十二指肠炎
667,鼻咽部中部新生物
668,糖尿病生殖系统自主神经病变
669,降结肠小息肉夹除术后
670,右侧腹腔多发小淋巴结
671,慢性肾功能不全（3期）
672,右侧肩关节退变
673,肝内实质性占位（血管瘤可能）
674,L5椎体双侧椎弓峡部裂
675,阻塞性黄疸
676,双侧肺炎
677,左侧胸腔少量积液
678,三尖瓣关闭不全
679,颈椎病（C4-7椎间盘突出伴椎管狭窄）
680,腰椎间盘突出。
681,右半结肠癌切除术后
682,糖尿病视网膜病
683,颈椎退行性病变
684,两侧额顶叶深部及双侧脑室前后角旁慢性缺氧性改变（Fezakas Ⅰ级）
685,右上颌窦炎
686,锁骨下动脉粥样硬化斑块
687,心律失常:室性早搏 房性早搏
688,脑梗塞后遗症期
689,脂肪瘤切除术
690,胃中分化腺癌
691,糖尿病视网膜病变Ⅳ期
692,慢性心功能不全Ⅱ级
693,L1椎体压缩性骨折
694,右侧乳腺癌
695,颈动脉内膜增厚
696,十二指肠降部息肉可能
697,丙肝后肝硬化失代偿期
698,糖尿病视网膜病变（IV期）
699,高度房室传导阻滞
700,心脏支架植入术后
701,甲状腺功能减低（甲状腺腺瘤术后）
702,类风湿性关节炎
703,冠状动脉支架植入后
704,慢性萎缩性胃炎
705,腭裂
706,骶髂关节退变
707,过敏性哮喘
708,结肠息肉摘除术后出血
709,右耳皮脂腺囊肿
710,脾脏增大症
711,焦虑症状
712,非酒精性脂肪肝（早期）
713,左侧肾上腺增生
714,右腹股沟斜疝
715,左肩关节囊积液
716,脊柱轻度侧弯
717,胸骨陈旧性骨折
718,亚急性腔隙性脑梗死
719,右肾上腺汇合部增粗
720,糖尿病视网膜病变(II期)
721,乙肝小三阳
722,双侧颈动脉粥样硬化伴闭塞
723,双侧额顶部硬膜下积液
724,左侧股骨骨折术后
725,慢性萎缩性胃炎伴肠上皮化生
726,肾功能异常
727,颈椎病
728,右肺上叶陈旧性病灶
729,双侧肾脏囊肿
730,中指缺如
731,浅表性胃炎  胃窦息肉（钳除术后）
732,神经炎
733,双侧泌尿系结石
734,腰椎间盘突出术后
735,后循环TIA
736,冠心病 心脏支架植入术后
737,多发性腔隙性脑梗
738,右下肢皮肤溃疡
739,高血压病2级 很高危
740,十二指肠球部假性憩室
741,左膝关节滑膜炎
742,主动脉及冠脉钙化灶
743,左肺不张
744,三尖瓣轻度反流
745,甲状腺乳头状癌术后+中央区淋巴结清扫术后
746,左肺下叶多发小结节
747,十二指肠绒毛管状腺瘤
748,阿尔兹海默病
749,主动脉瓣狭窄伴中度关闭不全
750,右肾实质性占位(肾错构瘤可能)
751,双肺间质肺炎并感染
752,结肠息肉（已夹除）
753,慢性萎缩性胆囊炎伴胆囊结石
754,极高危）
755,血吸虫肝硬化
756,高血压病3级 很高危
757,腰椎轻度退变
758,继发性甲状腺功能减退症
759,甲状腺切除术后
760,四跖趾切除术后
761,左肺上叶小结节伴钙化
762,前列腺钙化
763,狼疮性肾炎
764,反流性食管炎(B级）
765,胰腺中段切除术后
766,高血压病I级（中危组）
767,食管静脉曲张破裂出血
768,左肩关节内固定术后
769,C5/C6终板炎
770,左侧乳腺瘤样增生
771,肝硬化可能
772,巨输尿管
773,T2椎体血管瘤
774,T3椎体血管瘤
775,肾上腺占位
776,右眼新生血管性青光眼
777,胆囊炎伴胆囊结石
778,玫瑰痤疮
779,心室内传导延缓
780,尿失禁
781,下肢动脉硬化闭塞症
782,陈旧性心肌梗死
783,宫颈赘生物
784,双眼糖尿病性视网膜病变
785,牙周炎
786,支气管哮喘
787,冠状动脉肌桥
788,肝功能损坏
789,慢性肾脏病3期
790,高血压2级（极高危组)
791,盆腔包块
792,双侧筛窦及上颌窦轻度炎症
793,输尿管腹壁造口术后
794,椎间盘轻度突出
795,子宫次全切除术后
796,乳腺切除术后
797,颈总动脉
798,亚临床糖尿病周围神经病变
799,ICD植入术后
800,中度非萎缩性胃炎
801,双耳失聪
802,多发胆囊息肉
803,宫颈炎
804,脑梗死（右侧颈内动脉系统）
805,胆石症
806,肾上腺增生
807,支气管扩张症伴感染
808,左下
809,胰腺体部占位伴体尾萎缩
810,肝右叶低回声
811,血25-羟基维生素D缺乏
812,冠脉支架术后
813,右中肺少许支扩伴感染
814,肝血管瘤切除术后
815,C2-7及所示胸椎椎间盘突出
816,预激综合征射频消融术后
817,下叶小结节
818,锁骨下动脉粥样硬化症
819,陈旧性心肌梗塞
820,双侧附件囊性包块
821,异体间充质干细胞移植术后
822,左肾癌根治术后
823,左侧第6
824,L1压缩性骨折
825,脑梗死（恢复期）
826,双侧上颌窦炎
827,肝多发性囊肿
828,多发性腔隙性脑梗死
829,卵巢脓肿
830,甲状腺双叶微小乳头状癌术后
831,左乳纤维瘤术后
832,心率失常
833,脾囊肿
834,射频消融术后
835,小儿麻痹症
836,左耳胆脂瘤术后
837,椎管内占位
838,甲亢碘131治疗后
839,肝脾钙化灶
840,胸腰椎压缩性骨折
841,宫颈腺体潴留囊肿
842,亚急性甲状腺炎
843,左足跟跟骨骨刺
844,左腘窝囊肿切除术后
845,小肠炎
846,先天性左侧上睑下垂
847,焦虑状态
848,心脏射频消融术后
849,右半结肠穿孔修补术后
850,小儿麻痹后遗症
851,肝右前叶DWI高信号结节影
852,糖尿病足病
853,右膝股骨骨髓水肿
854,右肺下叶轻度支气管扩张
855,高血压1级（极高危组）
856,下肢静脉血栓形成
857,双髋关节置换术后
858,十二指肠多发溃疡
859,心肌缺血
860,两侧胸腔积液
861,垂体性甲状腺功能减退症
862,右侧正中神经腕点损害可能
863,极高危组
864,直肠管状腺瘤伴低度上皮内瘤变
865,结肠息肉切除术后
866,颅骨骨折
867,左侧肾上腺切除术后
868,双侧中耳乳突炎
869,膀胱癌术后
870,纵膈及右肺门处钙化结节
871,双眼糖尿病视网膜病变激光治疗术后
872,右侧乳腺癌根治术后
873,肝内多发囊肿
874,甲状腺部分切除术后
875,右肺胸膜下局限性肺气肿
876,右白内障
877,两肺下叶炎
878,寻常疣
879,腕管综合征
880,左肾输尿管结石可能
881,药物性低血糖
882,慢性肠炎
883,左侧人工股骨头置换术后
884,糖尿病视网膜病变（I期）
885,左侧上颌窦及双侧筛窦炎症
886,左侧中耳炎
887,皮质醇增多症
888,频发室早
889,肝左叶占位
890,颈动脉动脉粥样硬化症
891,重度睡眠呼吸暂停综合征
892,甲状腺结节术后
893,颈椎退变伴椎体后缘骨质增生
894,高血压病1级 （极高危）
895,甲状腺结节伴钙化
896,胰头混合性占位
897,高血压病   1级  极高危
898,肝内胆管结石（左半肝）
899,左侧上颌窦内软组织影伴骨质破坏
900,高血压病（3级
901,右耳下淋巴结转移癌可能
902,睡眠障碍
903,颈椎病 椎间盘突出症（C2-6）
904,右肺多发结节
905,双眼老年性白内障
906,颈淋巴结肿大
907,胰腺轻度脂肪化
908,糖尿病神经病变
909,左眼视网膜脱落
910,左侧肾上腺内侧支结节样增粗
911,右肺下叶胸膜下结节
912,右肺上叶及左肺结节
913,右下肺胸膜小结节
914,食管粘膜异型增生ESD术后
915,两肺下叶胸膜下少量模糊渗出
916,贲门下息肉（已夹除）
917,前交通动脉瘤
918,L4/5椎间盘膨出
919,双侧大脑后动脉及右侧大脑中动脉中远端狭窄
920,左足足跟撕脱性骨折外固定术后
921,高血压病3级（很高危组
922,陈旧性脑栓塞（椎基底动脉系统）
923,膝关节外伤术后
924,子宫腔积液
925,继发性青光眼
926,声带息肉
927,左下肢动脉粥样硬化闭塞
928,左股骨颈骨折内固定术后
929,非萎缩性胃炎伴急性活动
930,两侧腋窝及纵隔多发小淋巴结
931,髋关节置换术后
932,左肺上叶支气管扩张
933,右侧肾积水
934,腹主动脉粥样硬化症
935,左侧输尿管上段轻度扩张
936,颈部蜂窝织炎切开引流术后
937,肥胖
938,双耳轻度感音性聋
939,结肠多发毛细血管扩张伴出血
940,左侧肾上腺结合部增粗
941,糖尿病性周围神经病
942,左膝滑膜炎
943,胃息肉钳除术后（胃底腺息肉伴浅表糜烂）
944,2型糖尿病。
945,肺多发结节
946,三尖瓣反流
947,双侧膝关节退行性骨关节病
948,右眼黄斑裂孔术后
949,左眼白内障晶体植入术后
950,输尿管结石体外碎石术后
951,右足外伤术后
952,维生素B12缺乏
953,右侧副乳
954,胆囊结石伴慢性胆囊炎
955,胆囊结石切除术后
956,子宫内膜息肉
957,左下肺占位
958,高血压病2级 （极高危）
959,颈椎退变伴椎间盘变性
960,骨折内固定术后
961,C5/6椎间盘突出
962,右侧甲状腺占位
963,痔疮
964,蛋白尿
965,左侧上颌窦炎
966,阑尾切除手术
967,双侧乳腺小叶增生伴结节
968,声带白斑激光术后
969,甲状腺囊性结节
970,冠状动脉搭桥术后状态
971,右侧尺骨骨折
972,右侧甲状腺囊肿
973,双侧精囊炎
974,左股骨粗隆间骨折术后
975,丝虫病
976,颈椎病 颈椎间盘突出
977,上额窦炎
978,视网膜脱落术后
979,心室内传导阻滞
980,胃体间质瘤可能
981,左眼白内障
982,前列腺增生伴结节
983,慢性肾脏病4期
984,冠状动脉粥样硬化
985,右侧椎动脉发育不良
986,轻度慢性萎缩性胃炎伴淋巴细胞增生
987,左手中指末节缺如
988,左侧输卵管结扎术后
989,子宫后方囊性包块
990,右侧颈动脉闭塞
991,糖尿病合并妊娠
992,左侧肩周炎
993,C4-7椎间盘突出伴椎管狭窄
994,腰椎退变伴椎间盘突出
995,腰椎间盘突出症(T12/L1
996,右侧突发耳聋
997,左肾上腺切除术后
998,右肾囊肿可能
999,鼻咽癌放疗术后
1000,陈旧性广泛前壁心肌梗死
1001,右上肺小钙化灶
1002,肝内胆管结石
1003,左侧甲状腺囊性结节
1004,三支病变
1005,窦性心动过缓伴心律不齐
1006,肝囊肿可能
1007,颈椎间盘突出伴颈椎狭窄
1008,轻度慢性非萎缩性胃炎伴肠上皮化生
1009,高血压病Ⅲ级（极高危组）
1010,输尿管结石碎石术后
1011,爆发型1型糖尿病
1012,双侧上颌窦及筛窦粘膜轻度增厚
1013,糖尿病性大血管病变
1014,陈旧性肺结核
1015,左肾上极外侧占位（血肿可能）
1016,冠脉轻中度狭窄
1017,肝右叶占位
1018,胃贲门囊肿
1019,颈椎间盘膨出
1020,早孕
1021,肝右前叶不均回声区
1022,胸椎骨折术后
1023,食管粘膜白斑
1024,乙状结肠癌
1025,鞍区占位γ刀切除术后
1026,右膝骨性关节炎 右膝内侧半月板损伤
1027,左侧肾上腺瘤切除术后
1028,外踝
1029,双侧膝关节骨性关节炎
1030,双侧混合性耳聋
1031,糖尿病肾病5期
1032,两肺轻度间质性改变
1033,腰椎压缩性骨折（陈旧性）
1034,重度贫血
1035,脾损伤
1036,左肾微小结石待排
1037,左侧胫前动脉闭塞
1038,右肾结节
1039,右侧乳腺内低回声区
1040,左肺右叶小结节
1041,右侧肢体偏瘫
1042,轻度慢性非萎缩性胃炎
1043,限制性通气功能障碍
1044,颈部蜂窝织炎
1045,肝内高回声
1046,右侧带状疱疹
1047,右下肢血管闭塞缺血
1048,右侧精囊腺萎缩
1049,玻璃体出血
1050,冠状动脉粥样硬化症
1051,青光眼
1052,左下肢动脉支架植入术后
1053,食管粘膜下隆起
1054,隐性梅毒
1055,非酒精性肝硬化
1056,肾癌术后
1057,全脊柱退变
1058,甲状腺囊肿
1059,右侧颈内动脉狭窄
1060,高脂血症
1061,特发性震颤
1062,右侧多发肋骨
1063,左侧Ⅰ期）
1064,右甲状腺囊性占位
1065,左侧附件包块
1066,肝左内叶高回声区
1067,神经源膀胱
1068,甲状腺结节（左叶）
1069,胆囊泥沙样结石
1070,胃体息肉
1071,高血压病（1级
1072,经腹腔镜行胃转流术 胆囊切除术 远端胃切除术后
1073,胃底腺息肉
1074,孕5月
1075,室早
1076,胃部分腺上皮低度上皮内瘤变（中度异型增生）
1077,高酯血症
1078,右颈动脉粥样硬化症
1079,颈椎病 椎管轻度狭窄
1080,主动脉管壁钙化
1081,颌下腺肿物
1082,颈动脉斑块
1083,维生素D缺乏
1084,宫腔占位
1085,桥本氏甲状腺炎 亚临床型甲减
1086,右肾错构瘤
1087,胃腺癌胃大部切除术后
1088,冠状动脉粥样硬化性心脏病
1089,左侧肩袖损伤
1090,妊娠期阴道炎
1091,2型糖尿病周围神经病变
1092,未痰检
1093,2 型糖尿病
1094,结肠黑病变
1095,反流性食管炎（C级）
1096,左侧肾上腺内侧支占位
1097,右眼人工晶体植入术后
1098,慢性胃炎伴糜烂
1099,颈椎病 C4/5椎管狭窄
1100,右侧肾上腺增粗
1101,鼻窦炎
1102,右侧甲状旁腺占位
1103,浅表-萎缩性胃炎
1104,椎基底动脉供血不足
1105,双下肢动脉硬化闭塞症
1106,风湿性心脏病(1).二尖瓣置换术后
1107,两肺上叶肺气肿
1108,左肱骨骨折
1109,高血压病3级 极高危
1110,孕19周
1111,窦性心动过缓
1112,肝内结节
1113,椎管轻度狭窄）
1114,胆结石合并胆囊炎
1115,甲状腺右叶乳头状癌：Ⅲ（T1
1116,甲状腺术后
1117,糖尿病性胃轻瘫
1118,多囊卵巢
1119,左眼弱视
1120,左肾盂切开取石术后
1121,右耳低频感音神经性听力下降
1122,双肺肺气肿
1123,左颈动脉内膜剥脱术
1124,性腺功能减退；
1125,右臀部蜂窝组织炎
1126,直肠子宫窝积液
1127,颈椎病伴椎间盘变性
1128,低促性腺激素性性腺功能减退症
1129,乳房肿块切除术后
1130,右肺下叶炎症
1131,胰腺炎
1132,左侧肾上腺区占位（髓脂瘤可能）
1133,两上肺多发小结节
1134,筛窦炎症
1135,双眼青光眼术后
1136,局限型胆囊腺肌增生症
1137,乳腺纤维瘤
1138,肝内血管瘤？
1139,胃黄色瘤
1140,左前臂肿瘤术后
1141,右膝骨关节炎
1142,慢性活动性肠炎伴隐窝脓肿
1143,慢性十二指肠球部溃疡
1144,L4/5椎间盘轻度膨出
1145,高血压病3级(极高危）
1146,L5/S1椎间盘突出）
1147,双膝关节退变
1148,慢性阻塞性肺疾病急性发作
1149,胆囊结石术后
1150,前列腺增生症伴前列腺内钙化灶
1151,双肾体积缩小
1152,左侧颈动脉斑块剥脱术后
1153,贫血
1154,骨质疏松伴右股骨颈病理性骨折
1155,脑梗死（椎-基底动脉系统）
1156,动脉瘤
1157,自身免疫性肝病
1158,糖尿病酮症酸中毒
1159,肝内血管瘤
1160,肺动脉高压
1161,胆囊炎并胆囊壁胆固醇结晶
1162,前列腺癌伴骨转移
1163,盲肠憩室
1164,急性活动
1165,躯干多发皮下脂肪瘤
1166,骨质疏松
1167,颈动脉粥样硬化症（左侧颈总动脉狭窄约50%-69%）
1168,左股骨粗隆间骨折内固定术后
1169,锁骨下动脉
1170,右侧大脑中动脉狭窄
1171,宫颈体及宫颈管内占位
1172,前列腺腺癌
1173,右侧肾结石
1174,前列腺内结石
1175,左侧腋下蜂窝织炎
1176,冠状动脉支架置入术后
1177,淋巴结可能
1178,右侧大脑中动脉局部闭塞
1179,结膜炎
1180,右肩周炎
1181,右踝关节骨折
1182,甲状腺右侧叶结节
1183,颈胸腰椎退变伴椎间盘变性
1184,左侧颈动脉粥样硬化伴狭窄
1185,右侧肺部小结节
1186,糖尿病性视网膜病变II期
1187,左乳癌根治术后
1188,便秘
1189,慢性支气管炎缓解期
1190,右股骨囊肿
1191,睑黄瘤
1192,左股骨骨折术后骨愈合
1193,5足趾切除术后
1194,腰椎椎管减压术
1195,右侧下颌骨膨胀性骨质破坏
1196,慢性肾小球肾炎
1197,右肺上叶胸膜下多发微小结节
1198,先天性心脏病（继发孔型房间隔缺损）
1199,胃溃疡（H1期）
1200,右侧甲状腺下极背侧占位
1201,直肠静脉曲张
1202,结节病?
1203,两侧上颌窦及筛窦炎
1204,双肺肺大泡
1205,肋骨切除术后
1206,T4综合征
1207,胰腺囊腺瘤切除术后
1208,双侧筛窦及上颌窦炎
1209,急性右侧睾丸附睾炎
1210,左室舒张功能减退
1211,左眼结膜出血
1212,肾结石
1213,右眼视网膜脱离
1214,双侧输卵管结扎术后
1215,横结肠息肉钳除术后
1216,左侧甲状腺结节（甲状腺乳头状癌可能）
1217,低血钾症
1218,ICD植入术
1219,胸椎侧弯
1220,冠心病支架置入术后
1221,左乳突炎
1222,高血压病1级 （高危）
1223,双侧侧脑室旁性缺氧性改变(Fezakas I 级)
1224,甲状腺占位
1225,双下肢动脉内膜增厚伴斑块形成
1226,双侧肾盂轻度扩张
1227,躯体性疼痛障碍
1228,多发性肠息肉
1229,暴发性1型糖尿病
1230,右下肺小结节
1231,两上肺局限性肺气肿
1232,右肾占位
1233,甲状腺结节（右叶）
1234,脂肪肝（重度）
1235,子宫肌瘤摘除术后
1236,右侧胸腔积液
1237,纵隔小结节
1238,高血压病（3级 很高危组）
1239,肺部感染？
1240,双足根骨骨质增生
1241,皮肤软组织感染
1242,左肺上叶肺大疱
1243,泌尿系统感染
1244,前列腺结节
1245,胆囊内胆固醇结晶
1246,右上肺结节
1247,着色紫癜性皮肤病
1248,小肠修补术后
1249,慢性左心衰竭
1250,右颈动脉斑块形成
1251,胸膜肥厚
1252,中度慢性非萎缩性胃炎伴灶性肠上皮化生
1253,左肾多发囊肿
1254,左侧肾上腺节细胞神经瘤术后
1255,高血压病3（极高危）
1256,纵膈钙化灶
1257,全身皮肤多处擦伤
1258,额顶叶及侧脑室旁白质慢性缺氧性改变(Fezakas II 级)
1259,偏头痛
1260,干眼症
1261,左肺上叶结节
1262,腰椎退变(L4/5.L5/S1)椎间盘突出症
1263,右侧椎动脉狭窄闭塞
1264,垂体性肾上腺皮质功能减退症
1265,肝占位性病变
1266,高血压病 3级（极高危组）
1267,左侧输尿管占位
1268,肝脏多发血管瘤
1269,维生素D缺乏症
1270,慢性肾脏病 CKD3期
1271,胃多发息肉（部分已夹除）
1272,左输尿管上段结石伴扩张
1273,左侧胸腔积液
1274,低促性腺激素性性腺发育不全 待排
1275,体位性低血压
1276,神经源性膀胱 尿潴留
1277,骨髓增生减低
1278,嗜铬细胞瘤
1279,肾上腺结节
1280,腰椎术后
1281,持续性I度房室传导阻滞
1282,高血压病3期（极高危组）
1283,脾肿大
1284,侧脑室孟氏孔区占位（胶样囊肿可能）
1285,乳腺癌根治术后
1286,足癣
1287,结肠管状腺瘤伴低度上皮内瘤变
1288,肠息肉
1289,慢性肾炎
1290,高血压病2级（极高危组）
1291,双侧乳房包块切除术后
1292,高血压3极（极高危）
1293,肝右叶囊肿
1294,肺气肿
1295,糖尿病肾病 CKD3期
1296,左侧乳腺占位
1297,双侧甲状腺内结节（部分伴钙化）
1298,右侧孤立肾
1299,双下肢动脉闭塞症
1300,高血压病（2级 极高危）
1301,右侧肾囊肿
1302,肝小囊肿
1303,慢性非活动性肠炎
1304,左膝半月板损伤
1305,糖尿病肾病
1306,结肠多发息肉并钳除术后
1307,背部脂肪瘤术后
1308,椎间盘突出
1309,皮质醇增多症（ACTH依赖性）
1310,胰高血糖素瘤
1311,右侧乳腺癌术后
1312,高血压病3级 （极高危）
1313,双侧上颌窦炎症
1314,右侧乳腺实质性占位
1315,病毒疹
1316,左侧甲状腺后方占位
1317,右肺上叶小钙化灶
1318,主动脉瓣及冠状动脉钙化
1319,右肾萎缩
1320,胃窦壁不规则增厚(恶性可能)
1321,浅表性糜烂性胃炎
1322,高血压病2级(极高危)
1323,十二指肠淋巴管扩张
1324,多发性腔梗
1325,左下肢浅表静脉曲张
1326,左眼玻璃体机化
1327,两肺胸膜小结节
1328,L4/5椎体终板炎
1329,L3/4
1330,两肺间质性肺炎
1331,陈旧性脑梗伴多发微出血灶
1332,高胰岛素血症
1333,下肢动脉硬化症
1334,甲状腺功能亢进症（Graves病）
1335,很高危）
1336,右侧输卵管结扎术后
1337,脑梗
1338,肾功能衰竭3期
1339,胰腺尾部占位
1340,下肢动脉闭塞症
1341,两侧上颌窦炎
1342,慢性心功能不全急性失代偿
1343,三尖瓣成形术后
1344,慢性肾脏病3a期
1345,慢性胰腺炎
1346,左膝前交叉韧带损伤
1347,左上颌窦炎
1348,慢性乙型病毒型肝炎
1349,右肺中叶局限性肺气肿
1350,乙状结肠癌内镜下切除术后
1351,二度房室传导阻滞
1352,右侧椎动脉全程狭窄
1353,维生素B12缺乏症
1354,中期妊娠
1355,高促性腺激素性性腺发育不良
1356,血管性痴呆？
1357,胸椎椎管狭窄
1358,食管白斑
1359,高血压病3级极高危组
1360,双膝内侧半月板后角损伤
1361,低血糖症
1362,双侧胸腔少量积液
1363,右肺中叶及左肺舌叶少量感染
1364,高尿酸血症
1365,卵巢囊肿术后
1366,右侧睾丸鞘膜积液
1367,糖尿病视网膜病变（右侧Ⅱ期
1368,左侧中耳乳突炎
1369,胆汁反流行胃炎
1370,左侧基底节区腔隙性脑梗死
1371,左输尿管双J管置入术后
1372,高血压病1级（中危）
1373,两肺支气管炎
1374,右下肢动脉粥样硬化
1375,血小板减少症
1376,右侧中耳乳突炎
1377,孤立肾
1378,腰椎间盘变性伴轻度突出
1379,甲亢放射性碘治疗后
1380,甲状腺功能亢进症同位素治疗后
1381,左肺上叶小结节
1382,右侧肺气肿
1383,胆囊肿
1384,肘关节肿胀
1385,左侧颈动脉斑块
1386,左侧股浅动脉狭窄
1387,前列腺钙化灶（左侧外周带结节）
1388,糖网1期
1389,左肾上腺内支增粗
1390,毛囊炎
1391,左肾囊肿
1392,胃大部分切除术后
1393,冠状动脉支架植入术后
1394,偏执性精神障碍
1395,脑膜瘤
1396,窦性夺获
1397,高血压病2级
1398,慢性乙型肝炎病毒携带
1399,直肠息肉钳除术后
1400,左侧肾脏占位
1401,两侧睾丸鞘膜积液
1402,部分性垂体前叶功能减退（垂体-肾上腺轴）
1403,甲状腺肿大
1404,前列腺增生切除术后
1405,高血压病2级(极高危组)
1406,高血压2级（极高危）
1407,美尼尔综合症
1408,高血压病 1级（极高危）
1409,筛窦
1410,双侧甲状腺部分切除术后
1411,右侧筛窦炎
1412,完全性右术支传导阻滞
1413,甲状腺机能减退症
1414,颈动脉斑块形成
1415,脐带血间充质干细胞移植术后
1416,小肠积液（结肠内容物较多）
1417,早期妊娠（孕5周）
1418,肝左叶增大
1419,乙状结肠息肉（已夹除）
1420,阵发性室上性心动过速
1421,双肺下叶小支扩
1422,反流性食管炎（B级）
1423,颈椎退变C5-7椎间盘突出
1424,右侧颈动脉粥样硬化
1425,右肺下叶钙化灶
1426,颈动脉粥样硬化病
1427,右眼晶状体信号异常
1428,肝硬化（失代偿期）
1429,胆结石术后
1430,急性脑梗死
1431,Tips分流术后
1432,左肺肺大疱
1433,C4-7椎间盘突出
1434,很高危)
1435,继发性甲状旁腺功能减退症
1436,短阵室速
1437,上颌窦炎 筛窦炎
1438,左眼视神经萎缩
1439,糖尿病高渗性状态
1440,急性出血性胃炎（Hp阳性）
1441,子宫全切术后
1442,高血压2级(极高危组)
1443,肾上腺钙化
1444,双侧甲状腺多发结节
1445,十二指肠球部溃疡 
1446,慢性肾脏病III期
1447,带状疱疹
1448,双下肢动脉粥样硬化症
1449,冠心病PCI术后
1450,高血压病（1级 极高危）
1451,垂体柄轻度增粗
1452,冠状动脉造影术后
1453,子宫腺肌病
1454,肝右后叶钙化灶
1455,L3
1456,双侧肾上腺轻度增粗
1457,肋骨陈旧性骨折
1458,右乳腺小叶增生
1459,右小腿肌间静脉血栓形成
1460,鼻咽癌？
1461,乙状结肠
1462,左侧卵巢囊肿剥除术后
1463,贲门炎性增生
1464,直肠肿瘤术后
1465,肝脏右叶多发血管瘤
1466,颈动脉轻度狭窄
1467,左肾囊肿伴囊壁钙化
1468,十二指肠乳头腺瘤术后
1469,垂体泌乳素瘤
1470,左肾上腺增生可能
1471,静脉曲张（双下肢）
1472,回盲部多发憩室
1473,胰头癌全胰+脾切除术后
1474,右下肢动脉粥样硬化斑块闭塞症
1475,轻度脂肪肝
1476,泪管堵塞
1477,纵膈气肿
1478,胆汁反流
1479,甲状旁腺占位
1480,右肾经皮肾镜激光碎石术后
1481,右侧膝关节积液
1482,右肺尖局限性肺气肿
1483,左侧肾上腺小结节
1484,肝癌
1485,高血压2级（极高危组）
1486,晶状体置换术后
1487,双侧甲状腺内结节
1488,两肺肺气肿
1489,右下肢浅静脉曲张
1490,低促性腺激素型性功能减退症
1491,左侧乳腺包块摘除术后
1492,糖尿病肾脏病
1493,右侧顶枕叶出血性脑梗死
1494,血管性荨麻疹
1495,十二指肠降段内侧憩室可能
1496,胸椎退变
1497,交界性逸搏
1498,右肺上叶支气管轻度扩张
1499,浅表性胃炎伴糜烂
1500,牙髓炎
1501,左侧锁骨骨折
1502,两肺上叶炎症
1503,高血压病2级极高危
1504,右跟骨复位内固定术后
1505,右侧卵巢部分囊性占位
1506,根尖周炎
1507,输卵管绝育
1508,ERC+EPT+取石+胰管支架置入+ENBD术后
1509,脑卒中后
1510,膝关节退变
1511,胃底部结节
1512,VitD缺乏
1513,右肾上腺皮质腺瘤切除术后
1514,糖尿病性视网膜病变I期
1515,左侧肾上腺内侧支小结节
1516,心功能2级
1517,左侧眼球环形钙化
1518,胃间质瘤
1519,右肺感染可能
1520,右耳重度感音神经性耳聋
1521,两下肺间质性肺炎
1522,慢性浅表非萎缩性胃炎
1523,陈旧性脑干梗死
1524,左膝退行性关节炎
1525,急性脑梗死（右侧颈内动脉系统）
1526,右侧卵巢切除术后
1527,肾功能衰竭（CKD5期）
1528,左侧额窦炎症
1529,半月板损伤
1530,完全右束支传导阻滞
1531,肝脓肿
1532,胆总管下段结石
1533,腹主动脉粥样硬化
1534,蛛网膜囊肿
1535,右侧丘脑陈旧性腔隙性脑梗死
1536,胸腔积液
1537,亚临床甲状腺功能减低症
1538,左肾上腺结节样增粗
1539,甲状腺结节（穿刺病理示良性病变）
1540,肝内实质性占位(肝内血管瘤可能）
1541,左侧副肾动脉
1542,高血压病3级(极高危组)
1543,男性乳腺增生症
1544,心绞痛
1545,慢性胆囊炎伴胆囊结石
1546,高血压性视网膜病变
1547,肥胖症
1548,肾上腺增粗
1549,电解质代谢紊乱
1550,胆囊结石合并慢性胆囊炎
1551,Klinefelter综合征
1552,双肾皮质回声增强
1553,双侧颈动脉内膜增厚伴斑块
1554,肺结节
1555,左肾上腺结节
1556,颈动脉粥样症
1557,左侧乳腺纤维腺瘤
1558,双侧骶髂关节退变
1559,左眼黄斑水肿
1560,双侧肾上腺结合部低密度结节
1561,霉菌性中耳炎
1562,非萎缩性胃炎
1563,疝气术后
1564,胃角溃疡（S1期）
1565,高血压病Ⅱ级 极高危组
1566,无症状性菌尿
1567,左肺上叶近胸膜处点状钙化灶
1568,宫颈高度鳞状上皮内病变
1569,右眼底出血
1570,贲门口炎
1571,多发性肋骨骨折
1572,右乳腺癌术后
1573,胃大部切除术后
1574,黑棘皮病
1575,乳腺小叶增生症
1576,左下肺陈旧性病变
1577,IPMN可能
1578,左肺癌
1579,右眼视网膜脱落术后
1580,左侧上颌窦炎症
1581,子宫内膜癌术后
1582,双侧甲状腺结节
1583,右中肺浅淡小结节
1584,脐带间充质干细胞移植术后
1585,T12
1586,糖尿病肾病（4期）
1587,右足第三
1588,胆总管下段癌姑息性改道术后
1589,右侧背部肌层占位切除术后
1590,腔隙性脑梗死（左侧基底节区）
1591,左侧胸腔积液可能
1592,亚临床性甲状腺功能减退
1593,腰椎间盘脱出
1594,双侧扁桃体炎
1595,伴颈椎管狭窄）
1596,颈部纤维瘤
1597,胆囊结石并胆囊炎
1598,冠心病(1)不稳定型心绞痛
1599,肺钙化
1600,乳腺肿瘤
1601,高血压病  2级  极高危
1602,右肾钙化灶
1603,卵园孔未闭
1604,椎间盘突出（L5/S1）
1605,过敏性紫癜
1606,糖尿病肾病2期
1607,室间隔缺损修补术后
1608,双侧正中神经损害
1609,轻度脑萎缩
1610,降结肠癌根治术后
1611,门静脉高压性胃病
1612,低钠血症
1613,慢性浅表性胃炎
1614,甲状腺功能亢进
1615,右下肢浅静脉血栓
1616,桥本氏甲状腺炎(亚临床甲减期)
1617,高血压病Ⅲ级（极高危）
1618,高甘油三脂血症
1619,局限性肺气肿
1620,维生素D缺乏病
1621,胆囊癌术后
1622,甲廯
1623,胆囊切除术
1624,双侧肾周筋膜轻度增厚
1625,双侧小腿肌层病变
1626,高血压病（3级  极高危组）
1627,膝关节积液
1628,胃窦息肉
1629,右侧肺尖小结节
1630,右侧颈动脉狭窄
1631,强直性脊柱炎
1632,结节性甲状腺肿
1633,巨脾
1634,成人自身免疫性1型糖尿病（LADA）
1635,左膝骨性关节炎
1636,左肺上叶肺气肿
1637,左侧乳腺癌术后
1638,结直肠多发息肉
1639,腰椎退变（L4/5
1640,腰椎压缩性骨折术后
1641,垂体大腺瘤
1642,乳腺癌术后
1643,左肺下叶肺不张
1644,焦虑症
1645,右肺下叶局限性肺气肿
1646,PCI术后
1647,小肠黄色瘤
1648,颈椎退行性变伴C5/6椎间盘轻度膨出
1649,肝硬化？
1650,脐疝
1651,糖尿病视网膜病变眼底激光术后
1652,胰腺后方低密度影
1653,结膜出血
1654,右上肺占位
1655,糜烂性胃炎
1656,胃粘膜异型增生
1657,桥本甲状腺炎可能
1658,多囊卵巢综合症
1659,颈椎退变伴椎间盘突出
1660,左侧基底节区
1661,慢性食管炎伴鳞状上皮增生
1662,双耳神经性耳聋
1663,后纵膈低密度影
1664,牙龈炎
1665,陈旧性骨折
1666,肝脏囊肿
1667,阑尾切除术
1668,颈椎骨质增生
1669,左肺尖小结节
1670,25-羟维生素D缺乏症
1671,心功能不全Ⅰ级
1672,直肠息肉
1673,胆囊颈部结石
1674,乳腺小叶增生伴瘤化
1675,甲状腺机能减退
1676,胆囊内结石
1677,轻度慢性萎缩性胃炎伴肠上皮化生(急性活动)
1678,高血压病2级（中危）
1679,咳嗽变异型哮喘
1680,慢性荨麻疹
1681,肝左叶血管瘤
1682,子宫颈纳氏囊肿
1683,阵发性房速
1684,贲门息肉 慢性非萎缩性胃炎
1685,右膝半月瓣修补术后
1686,腰椎管狭窄
1687,胆囊腺肌症
1688,痛风（间歇期）
1689,左耳低频感音神经性听力损失
1690,左侧肾积水
1691,慢性肾脏病3A期
1692,右肺上叶
1693,残胃炎
1694,L3椎体Scmorls结节
1695,高血压病1级（中危组）
1696,左踝关节骨折内固定术后
1697,慢性咽喉炎
1698,双侧额叶慢性缺氧性改变（Fezakas I 级）
1699,右眼弱视
1700,VitD缺乏症
1701,肝性脑病
1702,继发性甲状旁腺功能亢进
1703,后腰部皮下筋膜炎
1704,I房室传导阻滞
1705,椎管占位
1706,.颈动脉粥样硬化症
1707,右上肺小结节
1708,左手中指化脓性指头炎
1709,颈椎退变（C3-6椎间盘突出
1710,腰椎滑脱症术后
1711,胰腺钙化
1712,颈椎间盘突出伴椎管狭窄
1713,焦虑伴抑郁状态
1714,右乳小叶增生
1715,高血压病3级(高危组)
1716,腰部椎间盘突出症
1717,左肺下叶占位
1718,（胃角）中度慢性非萎缩性胃炎
1719,骨量下降
1720,电解质紊乱
1721,席汉综合征
1722,椎管狭窄
1723,直肠癌切除术后
1724,膝关节退行性病变
1725,甲状腺功能亢进症（Graves病)
1726,中度贫血(缺铁性贫血)
1727,腰椎间盘滑脱
1728,右膝关节退变
1729,右侧乳癌术后
1730,C3-6椎间盘突出
1731,胆囊炎并胆囊内充满型结石
1732,左侧股动脉粥样硬化症
1733,右肾下极囊肿
1734,右侧锁骨下动脉粥样硬化症
1735,升主动脉扩张
1736,腰椎退变伴L5/S1椎间盘突出
1737,糖尿病胃瘫
1738,胆囊息肉
1739,亚临床甲亢
1740,糖尿病高渗状态
1741,肝内占位
1742,心包积液
1743,浅表糜烂性胃炎伴胆汁反流
1744,胰腺导管内乳头状粘性肿瘤？
1745,两肺上叶局限性肺气肿
1746,两侧上颌窦炎症
1747,贫血（轻度）
1748,肝硬化伴门脉高压
1749,心房扑动
1750,高血压病3级（极高危)
1751,颈椎间盘退行性病变
1752,右前臂皮下脂肪瘤
1753,右上肺斑片影
1754,双侧甲状腺结节（TIRADS4级）
1755,宫颈囊肿
1756,左侧髋关节置换术后
1757,2型糖尿病 糖尿病酮症
1758,脑梗塞
1759,慢性肾功能不全（CKD3期）
1760,慢性肾脏病
1761,左眼白内障术后
1762,右足第二足趾感染
1763,糖尿病视网膜病变（III期）
1764,双眼葡萄膜炎
1765,颈3-7椎间盘突出
1766,右侧上颌窦炎
1767,左脚踝骨折固定术后
1768,脑动脉供血不足
1769,房性早搏
1770,双侧筛窦少量炎症
1771,左精索静脉曲张结扎术后
1772,红斑型天疱疮
1773,混合痔
1774,膀胱造瘘术后
1775,双肾周包膜下轻度水肿
1776,白内障
1777,肝右叶包膜下片状高密度影
1778,颈椎病（颈椎间盘变性
1779,心房扑动（R-R长间歇）
1780,左肾静脉扩张
1781,急性胃肠炎
1782,外痔
1783,胆囊结石取出术后
1784,糖尿病视网膜病变Ⅲ期 激光治疗术后
1785,白内障手术术后
1786,慢性湿疹
1787,右下肢动脉硬化闭塞症
1788,胆囊息肉微创术后
1789,C3-7椎间盘轻度突出
1790,冠心病？
1791,肝转移性胰高血糖素瘤
1792,良性前列腺增生症
1793,双侧颈动脉斑块硬化闭塞症
1794,右前下胸壁皮下结节
1795,双侧甲状腺瘤切除术后
1796,蛇咬伤
1797,前列腺增生伴钙化
1798,低促性腺激素性腺功能减退
1799,距骨上缘
1800,垂体性甲减
1801,6-7椎间盘突出
1802,少量心包积液
1803,右侧男性乳腺增生
1804,右上颌窦炎症
1805,左侧胸膜粘连
1806,慢性食管炎伴鳞状上皮细胞增生
1807,结节性动脉脉炎
1808,慢性肾脏病变3期
1809,左肾包膜下血肿伴感染
1810,腔隙性脑梗塞
1811,脉络膜囊肿
1812,左上肢陈旧性骨折术后
1813,下肢动脉粥样硬化闭塞症
1814,肺间质病变
1815,高危）
1816,持续性一度房室传导阻滞
1817,上肢及腰背部多发性神经纤维瘤
1818,慢性乙型病毒性肝炎（小三阳）
1819,右肺及左肺尖斑片影
1820,肝功能损害（脂肪肝早期）
1821,直肠息肉摘除术后
1822,颈椎病伴颈椎间盘突出
1823,糖尿病视网膜病变Ⅲ期
1824,二尖瓣中度反流
1825,前列腺增生症伴钙化
1826,子宫肌腺症
1827,右侧胚胎型大脑后动脉
1828,双侧髋关节少量积液
1829,抑郁症
1830,2度房室传导阻滞
1831,听神经良性肿瘤
1832,高血压病1级高危
1833,腰椎压缩性骨折（L3）
1834,前列腺癌
1835,双肾多发小结石
1836,慢性萎缩性胆囊炎
1837,右侧附件混合性包块
1838,樱桃状血管瘤
1839,胆囊切除术后
1840,右下肢皮肤感染
1841,高血压病（1级 很高危）
1842,空泡蝶鞍（部分）
1843,慢性肾脏病II期
1844,胸膜间质性改变伴炎症
1845,慢性宫颈炎
1846,胃癌根治术后
1847,回盲部粪石梗阻
1848,继发性甲旁亢
1849,腰背部皮下软组织筋膜炎
1850,胆囊结晶
1851,肾囊肿
1852,卵巢囊肿切除术后
1853,胆囊炎并胆囊结石
1854,极高危））
1855,双上肺陈旧性病灶
1856,右上肺陈旧性病变
1857,冠心病  不稳定心绞痛
1858,椎动脉粥样硬化症
1859,右眼青光眼及白内障术后
1860,多发性结肠息肉
1861,急性心功能不全
1862,膀胱癌
1863,左颈部包块切除术后
1864,脑白质变性
1865,室性早搏消融术后
1866,酒精性脂肪肝
1867,两侧基底节区及放射冠区腔隙性脑梗死
1868,频发室性早搏
1869,左下肢动脉重建术后
1870,冠心病 冠脉搭桥术后
1871,腰椎椎间盘突出
1872,胃修补术后
1873,膀胱憩室
1874,右下肢静脉曲张
1875,胰尾占位：副脾？
1876,亚临床甲状腺功能亢进
1877,回盲部管状腺瘤伴低度上皮内瘤变
1878,包皮环切术
1879,性功能障碍
1880,L5椎体滑脱
1881,剖腹产术后
1882,右眼底激光光凝术后
1883,腹膜后纤维化
1884,鼻骨骨折复位术后
1885,双眼视网膜血管炎
1886,C6/C7椎间盘突出
1887,右下肢静脉曲张术后
1888,糖尿病性视网膜病变
1889,肝脏多发类圆形低密度影
1890,冠状动脉粥样硬化心脏病
1891,压力性尿失禁
1892,牙周脓肿
1893,颈动脉粥样斑块形成
1894,附件囊肿
1895,左侧腮腺囊肿
1896,非酒精性脂肪型肝炎
1897,高血压病3级（极高危组）
1898,L2椎体上缘许莫氏结节
1899,胃癌
1900,心律失常（室性早搏
1901,人工晶体植入术后
1902,高血压2级 中危组
1903,阑尾炎术后
1904,冠心病 稳定性心绞痛
1905,两肺多发磨玻璃结节
1906,双侧颈动脉斑块形成
1907,颅内动脉硬化
1908,胰腺体部囊性灶
1909,肝内胆管结石伴扩张
1910,慢性咽炎
1911,复杂性尿路感染
1912,胆囊小结石
1913,亚临床甲状腺功能减退症
1914,肝神经内分泌肿瘤（NET 2级 全肝多发）
1915,肺间质改变
1916,糖尿病肾病（IV期）
1917,糖尿病周围神经血管病变
1918,左肾错构瘤可能
1919,中度肺动脉高压
1920,椎间盘突出（颈椎＋腰椎）
1921,心功能Ⅲ级（NYHA分级）
1922,双下肢动脉硬化症
1923,先兆流产
1924,左肾复杂性囊肿可能
1925,增殖性糖尿病视网膜病变
1926,糖尿病颅神经病变
1927,左侧输尿管扩张
1928,右侧卵巢囊肿部分囊性占位
1929,甲状腺功能亢进症（桥本氏病）
1930,高血压2级（很高危）
1931,左胫腓骨骨折术后
1932,乳酸酸中毒
1933,脾脏轻度肿大
1934,股骨骨折
1935,子宫纵隔
1936,左肺部结节
1937,左侧多发肋骨陈旧性骨折
1938,左肾上腺轻度增粗
1939,结肠多发息肉
1940,轻度贫血
1941,左眼葡萄膜炎
1942,胆囊息肉切除术后
1943,两肺上叶小结节
1944,双肺纹理增多
1945,早期肝硬化
1946,左侧肾上腺结节
1947,慢性活动性肠炎伴粘膜腺体增生。
1948,部分椎体骨岛
1949,椎体横突骨折
1950,双膝关节半月板损伤
1951,左肾上腺腺瘤
1952,溃疡性结肠炎
1953,右肺上叶肺大疱
1954,肝硬化伴食管胃底静脉曲张
1955,高血压2级中危
1956,左下肢蜂窝组织炎
1957,左眼中央静脉阻塞
1958,胆囊炎合并胆囊结石
1959,颈动脉及双下肢动脉粥样硬化症
1960,双侧肺部结节
1961,右肺上叶及左肺下叶胸膜下结节
1962,稽留流产
1963,结节性硬化性糖尿病肾病4期
1964,高血压（2级
1965,双下肢动脉粥样硬化
1966,肝内原发性胆管细胞癌pT1N0M0I期
1967,右侧放射冠区陈旧性脑梗死
1968,慢性直肠乙状结肠炎
1969,.右肺结节
1970,左侧大脑前动脉局部纤细
1971,腰椎退变
1972,颌面部多发软组织伤
1973,直肠脱垂
1974,右侧第6前肋骨折
1975,多发子宫肌瘤
1976,气管淀粉样变
1977,多发性甲状腺结节
1978,高血压 3级（极高危）
1979,左肺炎
1980,主动脉及冠脉钙化
1981,冠状动脉狭窄
1982,颈胸椎退变
1983,L5/S1椎间盘轻度膨出
1984,角膜激光术后
1985,L1
1986,间质性肺炎感染
1987,宫颈癌
1988,胆囊内胆汁淤积
1989,慢性淋巴细胞增殖性疾病
1990,脑梗塞（急性期）
1991,头皮外伤缝合术后
1992,急性广泛性前壁心肌梗死
1993,骨密度低于同龄
1994,糖尿病肾病（G4A3期）
1995,叶酸缺乏
1996,肛瘘
1997,肝脏多发转移瘤
1998,不稳定心绞痛
1999,大腿肌间脓肿
2000,右上肺炎
2001,两肺下叶支气管轻度扩张
2002,胃底息肉
2003,胆囊炎 胆囊结石
2004,右胫前动脉闭塞
2005,胆管结石伴胆囊炎
2006,心力衰竭
2007,背部皮肤感染
2008,双肾囊性占位性病变
2009,胃体黏膜下隆起
2010,十二指肠球降交界处溃疡（A2期）
2011,肝占位术后
2012,食管下段静脉曲张（轻度）
2013,糖网2期
2014,胃窦异位胰腺症
2015,冠脉支架植入式后
2016,左上肺腺癌
2017,高甘油三酯血症
2018,肾结石体外碎石术后
2019,高血压病（2级 很高危）
2020,下肢）
2021,右侧筛窦及左侧上颌窦炎症
2022,子宫附件切除术后
2023,左肺上叶点状钙化灶
2024,右眼眼底视网膜及脉络膜萎缩可能
2025,右肾动脉狭窄
2026,胆囊炎伴胆囊泥沙样结石
2027,肝右叶占位（血管瘤可能）
2028,冠脉搭桥术后
2029,左下肢动脉粥样硬化性狭窄
2030,胆囊管结石
2031,糖尿病性神经病变
2032,肝内多发低密度影
2033,失眠症
2034,L4椎体轻度前滑脱（I°）
2035,高血压病（2级 极高危组）
2036,膝关节外伤
2037,右肾实质性占位（错构瘤可能）
2038,左眼视力减退
2039,高血压病Ⅲ级 极高危组
2040,呼吸睡眠暂停综合症
2041,陈旧性胸椎压缩性骨折
2042,幽门前区溃疡
2043,糖尿病肾病IV期
2044,甲状腺左叶切除术后
2045,前列腺增生症伴前列腺结石
2046,左侧桥小脑角占位
2047,腰椎内固定术后
2048,胆囊炎伴胆结石
2049,亚临床甲减（药物性）
2050,高血压病 1级 极高危
2051,糖尿病视网膜病变（Ⅰ期）
2052,糖尿病周围神经病
2053,胰腺萎缩
2054,视神经病变
2055,右侧卵巢囊肿切除术后
2056,肝左叶点状钙化
2057,结肠息肉摘除后
2058,两侧精囊炎
2059,右足多发骨折
2060,右额叶
2061,维生素D减少
2062,腰椎间盘突出症（L1-L3）
2063,左肾囊肿可能
2064,右肺陈旧性病变
2065,甲状腺双侧叶结节
2066,左膝关节骨性关节炎
2067,室性早搏
2068,烟雾病？
2069,肛周皮肤感染
2070,L4及以上椎体轻度向前滑脱（Ⅰ°）
2071,下肢静脉瓣关闭不全
2072,高血压病 2级（极高危组）
2073,外展神经麻痹
2074,妊娠合并肝损害
2075,小肠区间质瘤
2076,动脉导管未闭术后
2077,药物性甲减
2078,左侧肾结石
2079,右肾结石微创术后
2080,高血压病2极（极高危）
2081,右眼球摘除 义眼植入手术后
2082,结肠息肉钳除术后（管状腺瘤伴低度上皮内瘤变）
2083,滑膜炎
2084,甲状腺结节
2085,直肠粘膜组织慢性炎症
2086,食管胃底静脉曲张
2087,双肺局限性肺气肿
2088,右侧臀部脓肿引流术后
2089,阵发性心房颤动
2090,慢性肾功能不全3期
2091,C5/6节段颈髓变性。
2092,左卵巢畸胎瘤
2093,1型糖尿病
2094,高血压2级极高危
2095,左侧卵巢畸胎瘤
2096,颅内占位
2097,中枢性尿崩症
2098,双侧扁桃体切除术后
2099,腰椎间盘脱出术后
2100,子宫腺体摘除术后
2101,右肾上腺占位
2102,部分性原发性肾上腺皮质功能不全症
2103,亚临床甲状腺功能减低
2104,颈部多发淋巴结肿大
2105,左侧输尿管狭窄
2106,慢性糜烂性胃炎
2107,慢性肾脏病(3期)
2108,右侧侧脑室轻度扩张
2109,隐匿性阴茎
2110,掌趾角化过度
2111,C4-7
2112,结肠多发息肉（已钳除）
2113,卵圆孔未闭
2114,心功能不全 NYHA分级心功能2级
2115,心律失常（持续性完全性左束支传导阻滞
2116,房颤
2117,左髂总动脉夹层动脉瘤修复术后
2118,冠心病（心功能ＩＩＩ级）
2119,高血压病2级(极高危）
2120,间歇性二度房室传导阻滞）
2121,结肠CA术后
2122,低钾血症
2123,药物性肝炎
2124,右乳包块
2125,肠系膜根部多发小淋巴结
2126,小肠部分切除术后状态
2127,左侧乳腺内瘤样增生结节可能
2128,高血压1级（极高危）
2129,右输尿管结石伴右肾积水
2130,右侧椎动脉狭窄
2131,十二指肠球部溃疡（A2期）
2132,反应性胃病
2133,左乳腺癌术后
2134,双侧筛窦炎症
2135,子宫腺肌症
2136,颈椎退行性变
2137,筛窦黏膜增厚
2138,前列腺增大
2139,急性胰腺炎恢复期
2140,前列腺增生伴异常信号
2141,左侧颞叶蛛网膜囊肿
2142,肝功能受损
2143,二度Ⅰ型房室传导阻滞
2144,糖尿病视网膜病变(双眼激光治疗术后)
2145,冠状动脉旁路移植 自体血管取用术后
2146,甲状腺功能减退症
2147,肾脏结石
2148,冠状动脉性心脏病
2149,肝占位（血管瘤可能）
2150,颈动脉粥样硬化(双侧斑块)
2151,右下肢蜂窝组织炎
2152,左下肢深静脉血栓溶栓术后
2153,腰背部皮下脂肪瘤
2154,膀胱多发憩室
2155,右侧胸腺局部结节样钙化
2156,消化道出血
2157,高血压病（3级 极高危组）
2158,垂体瘤伴出血？
2159,右肾积水
2160,右附件囊肿
2161,腰椎病
2162,肝右叶钙化结节
2163,脾血管瘤
2164,左侧肋骨多发性陈旧性骨折
2165,胰腺囊肿？
2166,双乳小叶增生伴左乳结节
2167,右肾结石伴肾盏积水
2168,多发性腔隙性脑梗塞
2169,弥散受限病灶(转移瘤可能)
2170,膀胱后壁软组织影
2171,亚临床甲减（桥本氏甲状腺炎可能）
2172,左侧颈动脉粥样硬化症
2173,L2椎体压缩性骨折
2174,胃轻瘫
2175,脾脏占位
2176,L4-5腰椎内固定术后
2177,双眼屈光不正
2178,右侧蝶窦炎症
2179,龟头皮炎
2180,浅表性胃炎伴肠上皮化生
2181,下肢动脉粥样硬化闭塞
2182,大脑镰钙化
2183,胸腰椎退变
2184,右侧胫后动脉闭塞症
2185,高血压病病2级（极高危）
2186,腹腔镜胃转流术后状态
2187,左肺支气管扩张伴感染
2188,额窦炎
2189,腰间盘突出固定术后
2190,食管静脉曲张
2191,左踝关节蜂窝组织炎
2192,右侧甲状腺切除术
2193,皮肤恶性肿瘤（会阴部paget病）
2194,阑尾炎手术后
2195,糖尿病肾病Ⅳ期
2196,多发性结肠息肉摘除术后
2197,慢性肝损害
2198,外耳软骨膜炎
2199,轻度肾性贫血
2200,左肺上叶
2201,自身免疫性肝炎
2202,双侧膝关节慢性损伤
2203,高血压病3期（极高危）
2204,高血压I级（高危）
2205,间歇性二度窦房传导阻滞
2206,颈动脉粥样硬化斑块形成
2207,两侧胸膜增厚
2208,双眼牵引性网脱
2209,阵旧性脑梗塞
2210,双侧肾上腺近结合部结节
2211,主动脉瓣置换术后
2212,C5-C7椎间盘突出
2213,双侧下肢动脉粥样硬化症
2214,亚临床甲状腺机能减退症
2215,高血压病3级(极高危组)。
2216,左肺结节
2217,I度房室传导阻滞
2218,鼓膜穿孔
2219,股动脉闭塞
2220,降结肠管状腺瘤
2221,小肠血管畸形
2222,右侧乳腺瘤样增生结节
2223,双侧腕管综合征可能
2224,左侧髂总动脉夹层
2225,前列腺囊肿
2226,双肾积水伴输尿管上端轻度扩张
2227,右肺微小结节
2228,垂体生长激素瘤
2229,类天疱疮
2230,双侧乳腺增生
2231,脑出血术后
2232,垂体可疑结节
2233,前列腺切除术后
2234,双侧下肢动脉内膜增厚伴斑块形成
2235,皮肤移植状态
2236,右眼白内障超声乳化人工晶体植入术后
2237,抑郁伴焦虑
2238,肝右后叶实质性占位（血管瘤可能）
2239,慢性浅表性胃炎 胃窦糜烂
2240,双侧上颌窦
2241,孕35周
2242,反流性食管炎
2243,陈旧性下壁心梗
2244,双相情感障碍
2245,左肺索条
2246,垂体囊肿
2247,肠上皮化生
2248,外阴白斑
2249,尿路感染
2250,马拉色菌毛囊炎
2251,T9-L1椎体前方及右侧椎旁多发囊性占位
2252,淤积性皮炎
2253,两下肺结节
2254,左肾小结石
2255,甲状腺左叶结节
2256,左侧垂体微腺瘤
2257,急性非ＳＴ段抬高性心肌梗死
2258,右全膝关节置换术后
2259,慢性乙型病毒性性肝炎
2260,左侧大脑中动脉狭窄
2261,输卵管结扎术后
2262,二系减低（白细胞
2263,房性早搏）
2264,陈旧性脑出血
2265,右肺上叶血管旁结节影
2266,右侧中耳炎
2267,十二指肠瘘修补术后
2268,右侧肋骨陈旧性骨折
2269,颈椎轻度退变
2270,主动脉及冠脉管壁钙化
2271,双侧乳腺成形术
2272,左侧卵巢囊性占位
2273,浅表性胃炎
2274,高血压3级（很高危）
2275,脊柱稍侧弯
2276,双侧髋关节退变
2277,腔隙性脑梗
2278,劳力性心绞痛
2279,干燥综合症
2280,血尿
2281,左侧肾上腺结合部轻度结节样增粗
2282,眼睑肿物
2283,高血压（2级 极高危）
2284,双眼斜视
2285,糖尿病性周围神经病变
2286,结肠息肉
2287,BI-RADS分3类）
2288,主动脉及冠状动脉钙化
2289,两肺感染伴支气管扩张
2290,左侧颈动脉狭窄
2291,高血压病2级（极高危）
2292,两肺间质性改变
2293,慢性肾脏疾病IV期
2294,垂体瘤术后
2295,右肺下叶背段小结节
2296,周围面神经炎
2297,半月板变性
2298,心功能IV级（NYHA分级）
2299,胆囊炎并胆固醇壁胆固醇结晶
2300,高血压病2级 极高危组
2301,偶发室性早搏
2302,原发性甲状腺机能减退症
2303,银屑病关节炎
2304,低T3
2305,陈旧性腔梗
2306,低蛋白血症
2307,右侧上颌窦囊肿
2308,子宫息肉切除术后
2309,心肌桥
2310,冠心病待排
2311,会厌舌面囊肿
2312,左侧颈内动脉窦部球囊血管成形和支架置入术后
2313,结肠多发息肉钳夹术后
2314,左下肺结节
2315,左侧肾上腺外侧支结节
2316,上颌窦及筛窦炎
2317,颈动脉斑块粥样硬化症
2318,前列腺癌根治术术后
2319,左面蜂窝织炎
2320,C3-7椎间盘突出
2321,低促性腺激素性腺功能减退症
2322,双耳听力下降
2323,焦虑伴抑郁
2324,结肠多发息肉内镜摘除后
2325,心功能不全 心功能Ⅱ级
2326,未分化结缔组织病
2327,左肺胸膜下小结节
2328,急性支气管炎
2329,甲状腺腺瘤术后
2330,乳腺癌放疗后
2331,慢性胃炎伴胆汁反流
2332,重度骨质疏松
2333,颈椎退变伴C6/7椎间盘突出
2334,左侧腹膜后占位
2335,高血压病3级 极高危组
2336,食管多发静脉瘤
2337,右肾高密度影
2338,双髋关节退变
2339,肝脏多发占位（HCC可能）
2340,原发性甲状腺功能亢进症
2341,肝血管瘤
2342,糖尿病足（右）
2343,结肠管状腺瘤
2344,白内障术后
2345,痔疮术后
2346,结肠炎
2347,肝脏实质性占位（血管瘤可能）
2348,双侧乳腺结节
2349,食管粘膜剥离术后
2350,右侧腋窝淋巴结肿大
2351,右侧视网膜中央静脉阻塞
2352,发作性睡眠
2353,慢性肾脏病 3期
2354,双视神经萎缩
2355,甲状腺癌术后
2356,双上肺感染
2357,右肺中
2358,急性上呼吸道感染
2359,左乳腺腺瘤样增生
2360,慢性胃炎
2361,老年性白内障
2362,冠心病 不稳定心绞痛
2363,左肺尖条索及结节影
2364,右下肺局限性肺气肿
2365,腰椎退行性变
2366,乙型病毒性肝炎
2367,右肺上叶支气管扩张
2368,亚急性脑梗死
2369,混合性高脂血症
2370,壶腹癌术后
2371,肝右叶下腔静脉旁稍低密度影
2372,高血压病（1级高危组）
2373,右肾轻度积水
2374,高血压病3级（极高危组)
2375,右侧上尖牙根尖周炎
2376,腰椎间盘膨出
2377,脑部慢性缺氧性改变
2378,陈旧性脑栓塞（右侧颈内动脉系统）
2379,右中叶索条
2380,右肺小结节
2381,左侧腮腺小结节
2382,脾脏钙化
2383,黄斑变性
2384,十二指肠乳头增生性病变
2385,扁桃体肿大
2386,胃幽门前区糜烂
2387,右肾上腺外侧支结节
2388,游离盲肠固定术后
2389,慢性肾脏病变
2390,胆汁反流性胃炎
2391,N1a
2392,下肢静脉曲张
2393,左肺上叶局限性肺气肿
2394,左侧输尿管结石
2395,原发性甲状腺功能减退症（桥本病）
2396,双下肺小结节
2397,桥本氏甲状腺炎(轻度甲亢期)
2398,先天性心脏病
2399,右肺下叶微小结节
2400,前列腺左侧外周带占位
2401,双眼玻璃体切割术后
2402,右肾结石
2403,主动脉支架植入术后
2404,肛周脓肿术后
2405,缺铁性贫血（隐形缺铁期）
2406,冠状动脉粥样硬化性心脏病PCI术后
2407,甲状腺功能亢进症 Graves病
2408,双侧乳腺增生（部分瘤样增生）
2409,子宫及左侧附件切除术后
2410,冠脉支架植入后
2411,左股骨颈骨折
2412,Barrett食管
2413,胆囊多发息肉
2414,右肾囊性占位
2415,高血压2级 高危组
2416,左上肺炎症
2417,左肺上叶胸膜下钙化
2418,右膝关节退行性变
2419,脑积水
2420,甲状腺右侧腺瘤切除术后
2421,两肺多发局限性肺气肿
2422,右肾积水伴输尿管扩张
2423,高血压Ⅱ级（极高危）
2424,脾脏增大
2425,十二指肠炎
2426,右肾点状钙化灶
2427,左侧大脑前动脉局部开窗畸形
2428,慢性肾脏病1期
2429,左侧肩胛骨下方肌层混合型占位
2430,舟状骨骨髓水肿
2431,左侧卵巢切除术后
2432,心房扑动伴长间歇
2433,右下肢深静脉血栓
2434,右肺下叶小结节
2435,高血压病（3级 很高危）
2436,急性咽喉炎
2437,颈椎退变伴C3/4
2438,骨质增生
2439,风湿性联合瓣膜病
2440,双侧上颌窦及筛窦炎症
2441,退行性骨关节炎
2442,左下肢静脉曲张
2443,脑供血不足
2444,手术后甲状腺功能减退
2445,高血压病Ⅱ级（极高危）
2446,疤痕子宫（剖宫产术后）
2447,间质性肺炎
2448,慢性浅表性非萎缩性胃炎
2449,左侧颈动脉粥样硬化
2450,足部湿疹
2451,冠心病（支架植入术后）
2452,乳腺癌术后（右乳腺）
2453,阿尔茨海默病
2454,高血压病 1级（极高危组）
2455,前列腺占位
2456,妊娠15+周
2457,左肺肺炎
2458,双侧肾动脉支架植入术后
2459,腰椎病变
2460,短阵房性心动过速
2461,原发性醛固酮增多症不排除
2462,右下肢软组织感染
2463,左髋关节置换术后
2464,左侧劲动脉粥样硬化症
2465,高血压3级
2466,左上肺局限性肺气肿
2467,左肾上腺髓质瘤
2468,两肺感染
2469,幽门螺旋杆菌感染
2470,甲癣
2471,陈旧性脑梗
2472,腹腔镜脐疝补片修补术后
2473,多发性胆囊息肉
2474,颅咽管瘤术后
2475,甲状腺右叶钙化灶
2476,房性早搏伴短阵房性心动过速
2477,高血压Ⅱ级（极高危组）
2478,糖尿病肾病（肾衰竭期）
2479,直肠癌根治术（Miles）后
2480,乙肝携带者
2481,肩峰下滑囊炎
2482,糖尿病视网膜病变Ⅰ期
2483,高血压病（2级 高危）
2484,咳嗽变异性哮喘
2485,胃底体交界间质瘤？
2486,肝脏小血管瘤
2487,抗利尿激素分泌不适当综合征
2488,脑动脉硬化症
2489,胰腺尾部饱满
2490,不孕症
2491,右侧附睾囊肿
2492,右下肢淋巴管炎
2493,胆囊内壁胆固醇结晶
2494,L4椎体局部融合
2495,接触性皮炎
2496,脑出血后遗症
2497,糖尿病视网膜病变（II期）
2498,十二指肠球部炎症
2499,左肾结石
2500,左肾占位
2501,双侧上颌窦及筛窦炎
2502,高血压3级 极高危
2503,剖宫产术后
2504,冠心病 心绞痛
2505,两侧上颌窦炎及筛窦炎
2506,胰头囊性占位
2507,慢性肾病（3期）
2508,子宫多发肌瘤
2509,陈旧性腔隙性梗死
2510,冠心病 冠脉支架植入术后
2511,左侧小脑半球急性期脑梗死
2512,糖尿病植物神经病变
2513,耻骨后前列腺癌根治术后
2514,外侧半月板后角损伤（Ⅱ°）
2515,左下肢血管成形术后
2516,左心房偏大
2517,左颈动脉狭窄
2518,左侧肾囊肿
2519,筛窦炎
2520,左眼视网膜剥离术后
2521,双侧颈动脉硬化症
2522,神经性皮炎
2523,高血压2级（高危）
2524,陈旧性心梗
2525,甲状腺功能亢进（Graves病）
2526,左下肢静脉曲张介入术后
2527,皮炎
2528,部分性垂体前叶功能减退（性腺轴）
2529,不完全性右束支传导阻滞
2530,高血压1级 （极高危组）
2531,左侧乳腺内低回声
2532,右侧肾上腺占位（静止性嗜铬细胞瘤可能性大）
2533,肝内胆管炎
2534,膀胱过度活动症
2535,右侧下肢脂肪瘤
2536,双侧乳腺癌术后
2537,性腺轴)
2538,妊娠30+周
2539,胰头占位
2540,双侧肾盂积水
2541,腰椎退行性变伴轻度滑脱
2542,乳腺囊肿
2543,急性咽炎
2544,孤立肾（右肾）
2545,右上肺胸膜下小结节
2546,高血压1级（中危）
2547,痒疹
2548,胃体息肉摘除术后
2549,左肾钙化
2550,窦性停搏
2551,心律失常 左前分支阻滞
2552,左眼玻璃体积血
2553,右附件包块
2554,糖尿病胃轻瘫
2555,腰椎退变（L3-S1腰椎间盘变性伴轻度膨出）
2556,孕14周
2557,T8椎体血管瘤
2558,两肺下叶局限性肺气肿
2559,右肾萎缩伴多发点状钙化灶
2560,先天性心脏病-继发孔型房间隔缺损封堵术后
2561,右眼糖尿病视网膜病变
2562,子宫
2563,颈内动脉狭窄
2564,胆汁淤积
2565,慢性非活动性结肠炎
2566,左上肺及右肺下叶多发结节
2567,左侧腹股沟直疝
2568,舌良性肿瘤切除术后
2569,慢性萎缩性胃炎伴肠上皮化生及急性活动
2570,颈动脉及下肢动脉粥样硬化症
2571,食管炎
2572,帕金森综合征
2573,甲状腺多发结节
2574,特指皮肤和皮下组织良性脂肪瘤样肿瘤
2575,高血压病3级(很高危)
2576,左跟骨骨刺
2577,结肠多发息肉内镜下摘除术后
2578,窦性心动过缓伴不齐
2579,右膝关节损伤
2580,右侧眼肌痉挛
2581,两侧上颌窦及筛窦炎症
2582,胆囊壁赘生物
2583,右肺中叶结节
2584,冠状动脉粥样硬化性心脏病（1）陈旧性下壁心肌梗死（2）支架置入术后
2585,右肺钙化灶
2586,颅骨骨折术后
2587,贲门息肉
2588,右侧霉菌性外耳道炎
2589,糖尿病肾病（CKD3期）
2590,结肠多发息肉（已夹除）
2591,右侧第3
2592,下壁心肌梗塞
2593,高促性腺激素性性腺功能减退症
2594,脾脏摘除术后
2595,两肺支气管病变
2596,L2-S1椎间盘突出
2597,胃转流+胆囊切除术后
2598,双肺陈旧性病灶
2599,高血压病1级（高危0
2600,颈动脉粥样硬化闭塞症
2601,复发性口腔阿弗他溃疡
2602,高血压2级(极高危)
2603,主动脉结钙化
2604,前列腺增生伴钙化（结石？）
2605,胆总管结石
2606,右膝内
2607,肝右叶小血管瘤
2608,双侧白内障术后
2609,左侧输卵管切除术后
2610,5-6
2611,肝内占位（血管瘤可能）
2612,右肾
2613,Ⅰ°房室传导阻滞
2614,全组副鼻窦炎
2615,肝内局灶性钙化灶
2616,左肾上腺结合部增粗
2617,左上肺炎
2618,脑胶质瘤术后
2619,冠状动脉硬化性心脏病
2620,肥胖病
2621,肝右叶占位性质待查
2622,甲状腺右叶低密度影
2623,子宫脱垂修复术后
2624,继发性甲状旁腺功能减退
2625,双侧甲状腺次全切除术后
2626,肝硬化
2627,右肾高密度囊肿
2628,胃体溃疡（S1）
2629,左侧第6肋陈旧性骨折
2630,C5-7椎间盘突出
2631,糖尿病足部神经病变
2632,右肺肺大疱
2633,两上肺肺气肿
2634,左椎动脉狭窄
2635,食管平滑肌瘤
2636,后纵隔肿物
2637,单纯性皮炎
2638,直肠多发息肉
2639,颈椎病（颈椎骨质增生）
2640,右乳钙化灶
2641,胸12椎体楔形变
2642,头皮软组织感染
2643,右侧睾丸囊肿
2644,泛脂性湿疹
2645,左侧甲状腺结节（乳头状癌可能）
2646,直肠肉芽肿切除术后
2647,两肺微小结节
2648,血管迷走性晕厥
2649,肺动脉高压（轻度）
2650,右肺中叶炎症
2651,隐匿性肾炎
2652,急性浅表性胃炎
2653,两肺下叶炎症
2654,胃潴留
2655,C2-7椎间盘突出
2656,右颈内静脉血栓形成
2657,左肺上叶多发结节
2658,阻塞性睡眠呼吸暂停综合征
2659,光泽苔藓
2660,左侧输尿管结石伴扩张
2661,甲状腺囊肿术后
2662,左侧颞极蛛网膜囊肿
2663,前列腺两侧外周带信号减低
2664,左房增大
2665,冠状动脉粥样硬化性心脏病（PCI术后）
2666,.慢性肺气肿
2667,腰椎退变伴椎管狭窄
2668,三系减少
2669,肝右叶结节
2670,两肺气肿
2671,周围性面瘫
2672,足廯
2673,右束支传导阻滞
2674,肺部感染
2675,右侧肾上腺肿瘤术后
2676,左肺下部感染
2677,室性早搏（部分呈RonT现象）
2678,睡眠呼吸暂停低通气综合征（重度）
2679,食管粘膜剥脱
2680,高血压病3级 （极高危组）
2681,双侧腕管综合征
2682,肝硬化待排
2683,髌骨骨折固定术后
2684,高血压病1级
2685,主动脉壁钙化
2686,左肺上叶多发微小结节
2687,肝占位
2688,右踝关节骨折内固定术后
2689,两肺下叶间质性改变
2690,食管乳头状瘤？
2691,腰间盘突出
2692,双眼白内障术后
2693,急性腔隙性脑梗死
2694,左侧椎动脉狭窄
2695,腰椎间盘突出症（L5/S1）
2696,骨髓纤维化
2697,前列腺增生伴钙化灶
2698,心功能不全
2699,心房颤动
2700,双侧肾上腺占位（无功能性）
2701,溶血性贫血
2702,甲状腺双叶结节
2703,原发性甲状腺机能亢进（Graves病）
2704,左侧肋骨陈旧性骨折
2705,肝右叶血管瘤
2706,甲状旁腺囊性占位（左下）
2707,左眼青光眼术后
2708,腰椎骨折术后
2709,左颈内动脉狭窄
2710,骨量减少
2711,老年性智能减退
2712,两肺多发小结节
2713,肝内实质性占位
2714,直肠息肉钳夹术后（管状腺瘤伴低度上皮内瘤变）
2715,原发性肝癌介入灌注及栓塞术后
2716,冠状动脉支架置入术
2717,右足第4
2718,腹腔镜下双侧输卵管切除术后
2719,白癜风
2720,颈椎胸椎椎间盘变性
2721,先天性脊柱侧弯
2722,右侧放射冠区软化灶
2723,外动脉
2724,双侧乳腺小叶增生（瘤样增生结节可能
2725,锁骨骨折术后
2726,左侧肾上腺结节样增粗
2727,原发性闭经
2728,死胎
2729,高血压病1级（极高危)
2730,冠心病支架植入术后
2731,两侧额顶叶及双侧脑室前后脚慢性缺氧改变
2732,双胫前动脉闭塞症
2733,乳腺纤维腺瘤切除术后
2734,右侧肾上腺结合部低密度小结节
2735,胃多发性息肉
2736,双眼人工晶体置换术后
2737,亚急性期脑梗死
2738,动脉粥样硬化伴狭窄（椎动脉
2739,胆囊炎胆囊结石
2740,妊娠剧吐
2741,椎板切除减压椎间融合术后
2742,腰椎间盘突出症伴椎间盘变性
2743,右侧基底节陈旧性腔隙性脑梗死
2744,左侧锁骨骨折术后
2745,完全性左束支传导阻滞
2746,双侧肾囊肿
2747,右甲状腺后占位
2748,双侧颈动脉狭窄
2749,前列腺增生术后
2750,两肺局限性气肿
2751,高血压病1期（极高危）
2752,包皮环切术后
2753,腔隙性脑梗（急性期）
2754,面神经炎后遗症
2755,甲状腺微小乳头状癌+中央区淋巴结清扫术后
2756,右侧椎动脉纤细
2757,肝癌术后
2758,左侧甲状腺结节术后
2759,右上肺钙化点
2760,垂体微腺瘤
2761,双侧肾动脉狭窄
2762,十二指肠降部憩室
2763,肠梗阻术后
2764,多发性子宫肌瘤
2765,肝血管瘤？
2766,桥本性甲状腺炎
2767,甲状腺功能减退(1)甲状腺功能亢进 碘131治疗后
2768,骨关节炎
2769,两肺结节
2770,荨麻疹
2771,右侧基底节及放射冠区脑梗死
2772,左侧肾上腺髓脂瘤
2773,慢性肾脏功能不全3期
2774,左侧肾脏钙化灶
2775,急性脑梗塞
2776,瘙痒症
2777,呼吸道感染
2778,肾脏囊肿
2779,垂体前叶（部分）功能减退 待排
2780,左侧肋骨骨折内固定术后
2781,腰椎间盘轻度突出
2782,肾结石碎石术后
2783,管状腺瘤
2784,呼吸睡眠暂停综合征
2785,左侧放射冠腔隙性脑梗死
2786,右肺钙化灶及少量结节
2787,脑梗死(陈旧性)
2788,子宫+双侧附件切除术后
2789,右肺炎症
2790,高血压病3级（极高危级）
2791,冠心病 不稳定型心绞痛
2792,颅脑外伤后
2793,结肠息肉术后
2794,两肺胸膜下多发结节
2795,非酒精性脂肪性肝病
2796,颈椎间盘突出（C3~7）
2797,主动脉瓣钙化
2798,左侧大脑中动脉M1段管腔中-重度狭窄
2799,缺铁性贫血
2800,持续性室上性心动过速
2801,高血压病2级极高危组
2802,腰椎间盘突出伴椎管狭窄
2803,升结肠管状腺瘤伴低度上皮内瘤变
2804,中度慢性非萎缩性胃炎伴急性活动
2805,睾丸鞘膜积液
2806,胃体增生性息肉
2807,两肺索条
2808,多发性骨髓瘤化疗后
2809,右眼视网膜脱落
2810,食管多发性静脉瘤
2811,胆囊切除术后状态
2812,肺部阴影性质待定
2813,两肺局限性肺气肿
2814,哮喘（缓解期）
2815,7后肋陈旧性骨折
2816,前列腺切除术后状态
2817,胸腺瘤术后
2818,左肾微小结石
2819,三发性甲状旁腺功能亢进症
2820,高血压2级极高危组
2821,腰5/骶1椎间盘突出伴椎管狭窄
2822,腰椎退变伴椎间盘膨出
2823,颈椎间盘突出（C6/7）伴局部椎管狭窄
2824,L3-5)
2825,骶尾椎退变
2826,慢性肾脏病（Ⅲ期）
2827,甲亢同位素治疗后
2828,神经性呕吐
2829,慢性浅表性胃炎伴急性活动
2830,胰腺占位（胰腺IPMN恶变可能）
2831,糖尿病酮症
2832,盆腔少量积液
2833,子宫肌瘤（钙化可能）
2834,左侧肾脏囊肿
2835,胃转流 胆囊切除术后
2836,胰腺轻度萎缩
2837,右肺及左肺叶间裂处多发小结节
2838,脊髓灰质炎后遗症
2839,妊娠26+周
2840,糖尿病足（右足跟部）
2841,颈椎退变伴反曲
2842,前列腺增生症
2843,陈旧性腔隙性脑梗死
2844,中度慢性非萎缩性胃炎
2845,肠梗阻
2846,肺炎
2847,左侧乳腺纤维瘤
2848,颈动脉粥样硬化症
2849,糖尿病视网膜病变（Ⅱ期）
2850,右下肢动脉闭塞症
2851,右侧肩胛下肌脂肪瘤
2852,右下肺癌
2853,腹主动脉瘤腔内修复术后
2854,子宫肌瘤刮宫术后
2855,早期妊娠（孕8周）
2856,气管起始部左侧缘占位
2857,脾脏钙化灶
2858,右桡骨粉碎性骨折内固定术后
2859,C6/7椎间盘突出
2860,双侧鞘膜腔积液
2861,右眼白内障术后
2862,慢性非萎缩性胃炎
2863,肘管综合征术后
2864,左侧睾丸低回声结节
2865,左耳后肿块
2866,腰椎间盘膨出（L3-S1）
2867,双侧膝关节退行性变
2868,高血压病3级(极高危)
2869,肛周湿疹
2870,肝脏血管瘤
2871,糖尿病视网膜病变（增殖期）
2872,甲状腺内结节
2873,左上肺小结节
2874,支气管扩张伴感染
2875,左乳腺癌根治术后
2876,右侧面神经炎
2877,频发房性早搏
2878,甲状腺功能亢进症Ⅰ131术后
2879,左肾上腺外支小结节
2880,多发肋骨陈旧性骨折
2881,颈椎退变伴椎管狭窄
2882,腰椎骨折
2883,VitD不足
2884,椎管轻度狭窄
2885,十二指肠球部布氏腺囊肿可能
2886,Vit D缺乏
2887,过敏性皮炎
2888,胆囊炎并胆结石
2889,右上肺陈旧性病灶
2890,L4/5
2891,右下肢静脉瓣关闭不全
2892,睡眠呼吸暂停综合症
2893,双侧乳腺增生症
2894,陈旧性下壁心肌梗死
2895,糖尿病足清创术后
2896,右侧下鼻甲肥大
2897,右侧基底节区陈旧性腔隙性脑梗死
2898,预激综合症
2899,急性小脑梗死
2900,腰椎结核手术后
2901,房间隔膨出瘤
2902,不完全右束支阻滞
2903,肾动脉支架植入术后
2904,右腓总神经损害
2905,腹腔淋巴结肿大
2906,双侧大脑前动脉共干
2907,十二指肠憩室
2908,骨质疏松症（重度）
2909,间歇性Ⅱ度Ⅰ型房室传导阻滞
2910,胃窦溃疡
2911,双侧肾上腺内侧支结节
2912,口腔癌术后
2913,亚临床糖尿病外周神经病变
2914,右耳突发耳聋
2915,直肠癌术后
2916,腰椎退变 腰椎间盘变性
2917,糖尿病神经病变早期
2918,视神经脊髓炎
2919,左侧乳腺囊肿
2920,高血压2级
2921,早孕5周
2922,冠状动脉粥样硬化性症
2923,颈动脉斑块硬化症
2924,干燥综合征
2925,疝气修补术后
2926,腰椎间盘突出症(L4/5)
2927,左乳结节
2928,右下肺结节
2929,左下肢烫伤
2930,右侧卵巢囊性占位
2931,脑梗死（左侧颈内动脉系统）
2932,L4椎体轻度前滑脱（I°）伴腰椎管狭窄
2933,右下肢胫前脓肿切开术后
2934,颈内动脉粥样硬化症
2935,鸡眼
2936,窦性心动过缓 一度房室传导阻滞
2937,血管神经性水肿
2938,上呼吸道感染
2939,左眼失明
2940,甲状腺滤泡性腺瘤切除术后
2941,颈椎间盘突出
2942,糖尿病视网膜病变 （II期）
2943,右侧肾癌术后
2944,双侧颈动脉粥样硬化症
2945,肠息肉切除术后
2946,左肘关节外伤后遗症
2947,左下肢静脉曲张术后
2948,冠脉支架置入术后
2949,鼻息肉切除术后
2950,L5/S1椎间盘突出
2951,左下肺钙化灶可能
2952,纵膈多发淋巴结肿大
2953,脾切除术后
2954,陈旧性腔隙性脑梗塞
2955,右中肺小结节
2956,左中肺小结节
2957,左额叶深部亚急性期腔隙性脑梗死可能
2958,胆囊结石（多发）
2959,亚临床糖尿病神经病变
2960,糖尿病肾脏病变
2961,左侧肾上腺内侧支及结合部增粗
2962,桥脑上方层面偏左侧结节状异常信号
2963,高血压病3级（高危）
2964,右侧鼻甲肥厚
2965,肾积水
2966,甲状腺乳头状癌全切术后
2967,高血压病1级（很高危）
2968,非酒精脂肪肝
2969,右侧枕叶蛛网膜小囊肿
2970,舌根部囊肿
2971,左侧静脉曲张剥脱术后
2972,左侧眼眶内侧壁凹陷伴左侧眼眶内脂肪疝出
2973,结肠息肉夹除术后
2974,右侧腮腺炎（占位不能排除）
2975,原发性醛固酮增多症可能
2976,左下肺局限性肺气肿
2977,左侧丘脑陈旧性腔隙性梗死
2978,右侧乳癌全切术后
2979,十二指肠降部息肉
2980,慢性阻塞性肺病
2981,直肠粘膜下隆起
2982,冠心病 阵发性房颤
2983,双肺间质性病变
2984,左肾囊肿伴钙化
2985,左糖尿病足
2986,右侧肾上腺结合部增粗
2987,肝脓肿待排
2988,剖宫产后
2989,胃幽门螺旋杆菌感染
2990,右侧甲状腺下方占位
2991,肺间质性改变
2992,病毒性肝炎
2993,腰椎退变伴腰椎间盘膨出
2994,左肺肺大泡
2995,肺部感染治疗后
2996,L3-5椎间盘突出
2997,枕部蛛网膜囊肿
2998,下肢动脉粥样硬化症
2999,脑动脉硬化
3000,左下肺小结节
3001,枕部皮下软组织肿胀
3002,L4/5 L5/S1椎间盘膨出
3003,左锁骨及左第7肋陈旧性骨折
3004,脂溢性皮炎
3005,两肺尖局限性肺气肿
3006,二尖瓣后叶根部异常团块
3007,胆囊结石胆囊炎
3008,糖尿病性视网膜病变（3期）
3009,左侧眶内占位
3010,多发性周围神经病变
3011,颈椎病 颈椎间盘突出症
3012,食管静脉瘤
3013,胆囊炎.胆囊结石
3014,两肺多发磨玻璃样结节
3015,冠状动脉粥样硬化性心脏病（左前降支冠脉支架植入术后）
3016,右肾碎石术后
3017,颈胸腰椎退变
3018,息肉摘除术后
3019,右侧颈动脉粥样硬化症
3020,脾脏多发低密度影血管瘤可能
3021,双下肢动脉粥样硬化症  右下肢动脉闭塞症
3022,胰腺囊腺瘤
3023,T2水平气管右后方憩室
3024,纵膈多发小淋巴结
3025,十二指肠球部隆起
3026,左肩周炎
3027,腰椎间盘突出（L3/4）
3028,慢性活动性肠炎
3029,糖尿病性视网膜病变3期
3030,II度窦房传导阻滞（长R-R间期）
3031,N3a
3032,贲门下息肉
3033,糖尿病肾病（尿毒症期）
3034,十二指肠多发息肉
3035,胆囊结石
3036,右顶部占位切除 颅骨修补术后
3037,胰岛素自身免疫综合征?
3038,双侧正中神经腕点损害
3039,右侧枕大池蛛网膜囊肿
3040,双肾囊肿
3041,肺部炎症
3042,两肺少量索条
3043,右上肢动静脉内瘘术后
3044,左肾微小囊肿可能
3045,左肾癌术后
3046,甲状腺结节甲状腺全切术后
3047,右眼失明
3048,高血压病II级（极高危）
3049,右下肺占位
3050,左乳小叶增生
3051,腹腔积液
3052,甲状腺右叶结节
3053,颈动脉粥样斑块
3054,低T3综合征？
3055,人工晶体移位
3056,左侧面神经炎
3057,高血压病2级（很高危组）；
3058,高血压病级（极高危）
3059,高血压病2级(很高危)
3060,右肺胸膜下轻度间质性炎症
3061,垂体生长激素瘤术后
3062,2型糖尿病性周围神经病变
3063,双侧青光眼
3064,右侧顶部皮下脂肪瘤
3065,骨含量减少
3066,脾内实质性占位病变
3067,心率失常 心房颤动伴长间歇
3068,右侧上颌窦及筛窦炎症
3069,2度窦房阻滞
3070,右侧额骨小骨瘤可能
3071,阑尾炎切除术后
3072,两肺慢性支气管炎
3073,右侧肾盂积液
3074,肾病综合征
3075,右肺上叶胸膜下小结节
3076,右侧胸膜钙化
3077,糖尿病肾病（3期）
3078,左颈动脉粥样硬化症
3079,鞍区占位
3080,右下肢深静脉血栓取栓术后
3081,宫腔积液
3082,甲状腺结节（乳头样癌可能）
3083,左肾积水
3084,胃体溃疡
3085,声带白斑切除术后
3086,腹主动脉溃疡
3087,脑梗死恢复期
3088,肝脓肿术后
3089,卵巢囊肿
3090,甲状腺功能减退（桥本氏甲状腺炎）
3091,双眼糖尿病视网膜病变
3092,中期妊娠孕26周
3093,C3-4
3094,增生性息肉摘除术后
3095,直肠慢性非活动性肠炎伴息肉样增生
3096,T波低平
3097,右侧甲状腺内结节
3098,右侧肾脏结石
3099,右下肢骨折术后
3100,结肠多发息肉钳除术后
3101,左肩皮下脂肪瘤
3102,右侧腹股沟斜疝术后
3103,中-大量心包积液
3104,左肺下叶索条
3105,前列腺增生伴轻度钙化
3106,糖尿病肾病（III期）
3107,双眼白内障（晶体置换术后）
3108,主动脉粥样硬化症
3109,C6椎体骨岛
3110,右肺上叶支气管扩张伴感染
3111,慢性萎缩性胆囊炎并胆囊结石
3112,右肺上叶塌陷
3113,双肺小结节
3114,高血压3级 （极高危）
3115,CKDⅢ期
3116,胃息肉钳除术后
3117,颈椎退变伴C2-4椎间盘突出
3118,腰骶椎间盘突出症
3119,颈椎椎管狭窄
3120,右踝部陈旧性骨折
3121,高血压病
3122,慢性胆囊炎
3123,慢性胃炎恢复期
3124,右侧鞍旁脑膜瘤
3125,酒精性脂肪性肝炎
3126,高脂血脂
3127,左肾上腺增粗
3128,右侧腕管综合征
3129,直肠腺癌
3130,机械性紫癜（眼眶）
3131,主动脉瓣关闭不全
3132,左侧胫腓骨骨折
3133,双膝关节退行性骨关节病
3134,胃黄色素瘤
3135,双侧肾脏积水
3136,双侧胸膜增厚
3137,双侧肩关节退行性变
3138,两肺小结节
3139,L3/4椎间盘膨出
3140,睡眠呼吸暂停
3141,两侧肾上腺结节样增粗
3142,心脏房间隔缺损修补术后
3143,小细胞低色素性贫血
3144,双侧筛窦
3145,主动脉节钙化
3146,心脏肌桥
3147,肾结石取石术后
3148,双侧甲状腺乳头状癌
3149,冠心病(1).冠脉搭桥术后
3150,宫腔占位 宫腔积液
3151,双侧骶髂关节致密性骨炎
3152,高胆固醇血症
3153,垂体部分空泡蝶鞍
3154,右肾上腺增粗
3155,LH缺乏)
3156,经尿道左侧输尿管开口囊肿电切术后
3157,双侧附睾囊肿
3158,结肠憩室
3159,面部皮炎
3160,左侧股骨颈结节样异常
3161,慢性萎缩性胃炎伴糜烂
3162,二尖瓣轻度狭窄伴关闭不全
3163,糖尿病外周神经病变
3164,右肺中叶小结节
3165,青光眼术后
3166,左肾萎缩伴轻度积水
3167,房间隔膨出瘤形成
3168,高血压病1极（极高危）
3169,慢性肾功能不全（CKD5期）
3170,甲状腺峡部结节
3171,左侧附件囊性包块
3172,双眼青光眼
3173,右上肺局限性肺不张可能
3174,双侧肾脏结石
3175,右上肺钙化灶
3176,急性胃炎
3177,胰腺部分切除术后
3178,腰椎间盘突出症伴椎管狭窄
3179,脑梗死后遗症
3180,胃息肉
3181,左乳腺结节
3182,甲状腺乳头状癌术后
3183,颈腰椎退变
3184,肺结核
3185,左侧乳腺癌切除术后
3186,右眼晶状体置换术后
3187,酒精性肝病
3188,右侧腹股沟疝术后
3189,骨盆骨折术后
3190,左肾盂癌
3191,心功能Ⅰ级
3192,痔疮切除术后
3193,左锁骨下动脉狭窄
3194,门静脉栓子
3195,左软腭乳头状瘤
3196,小指近节指骨骨折术后
3197,萎缩性胃炎伴糜烂
3198,短暂性脑缺血发作（椎基底动脉系统）
3199,主动脉及冠状动脉管壁钙化
3200,颈动脉狭窄（重度）
3201,两侧上颌窦
3202,右下肺大泡
3203,胃窦部胃壁增厚
3204,胆囊炎合并胆结石
3205,高血压病3级（极高危）
3206,后腹膜占位（嗜铬细胞瘤可能）
3207,脂肪肝
3208,腰椎间盘突出症
3209,左肺下叶小结节
3210,副脾
3211,早期妊娠
3212,放射冠区急性脑梗死
3213,胃食管反流
3214,全脏器反位
3215,睡眠呼吸暂停综合征
3216,干燥综合征？
3217,双下肢静脉曲张
3218,化脓性扁桃体炎
3219,双侧股浅动脉闭塞
3220,腔隙性脑梗死
3221,空炮蝶鞍
3222,糖尿病视网膜1期病变
3223,原发性骨质疏松症
3224,双侧胸膜局限性增厚
3225,双肾小囊肿
3226,附睾炎
3227,右侧枕叶海绵状血管瘤可能
3228,右肺上叶局限性肺气肿
3229,乳腺癌
3230,胰腺导管内乳头状粘液性肿瘤
3231,肠息肉（已摘除）
3232,右侧股深动脉狭窄
3233,前列腺癌（放射性粒子植入术后）
3234,右侧颈动脉支架置入术后
3235,双侧膝关节腔积液
3236,盆骨漏斗韧带平滑肌肉瘤术后
3237,CAG+PCI术后
3238,右肺结节
3239,右眼外伤
3240,心尖部肥厚型心肌病
3241,两肺下叶轻度间质性改变
3242,左眼白内障晶体置换术后
3243,两肺下叶结节
3244,腹腔镜胃转流术后
3245,双肺多发磨玻璃小结节
3246,高血压病（2级
3247,陈旧腔隙性脑梗死
3248,胃息肉（已摘除）
3249,主动脉及冠脉壁钙化
3250,肺部膨隆不全
3251,右肺下叶炎性病变
3252,右肺上叶微小结节
3253,两下肺局限性肺气肿
3254,急性肾损伤
3255,腋窝淋巴结肿大
3256,左内眦皮下囊肿
3257,肝脏血管瘤可能
3258,右膝关节少量积液
3259,糜烂性胃炎伴出血
3260,双乳少许点圈状钙化灶
3261,十二指肠粘膜下隆起
3262,左侧额叶血肿
3263,右膝骨关节炎 右膝关节滑膜炎
3264,上颌窦
3265,尾椎骨折
3266,跟骨骨刺
3267,冠状动脉支架植入后状态
3268,泌尿系结石伴左肾积水
3269,左侧上额窦炎
3270,前列腺苗勒氏囊肿
3271,陈旧性肋骨骨折
3272,高血压3级（极高危）
3273,腰椎椎管狭窄
3274,先天性心脏病：冠状动脉肺动脉瘘
3275,缺铁性贫血（中度）
3276,肝炎后肝硬化（代偿期）
3277,右侧肺癌术后
3278,左肾上腺外支增粗
3279,左输尿管体外震波碎石术后
3280,胰头钩突部占位
3281,低钙血症
3282,颈椎椎管减压术后
3283,动脉粥样硬化症（颈内
3284,冠心病-不稳定性心绞痛
3285,血小板减少
3286,高血压I级（极高危）
3287,轻度慢性非萎缩性胃炎伴糜烂
3288,腹股沟疝修补术后
3289,右肺下叶少量炎症
3290,慢性病毒性乙型肝炎
3291,乙肝病毒携带
3292,左侧甲状腺结节
3293,双眼视网膜病变术后
3294,双侧多囊卵巢
3295,右中下肺及左肺下叶钙化灶
3296,慢性肺源性心脏病
3297,间质性肺炎(UIP型)
3298,左侧肾上腺增粗伴小结节
3299,左侧髌骨骨折内固定术后
3300,结肠代膀胱术后
3301,右腿胫骨粉碎性骨折内固定术后
3302,C4/5
3303,肝内局灶性钙化
3304,多发性结肠息肉（已摘除）
3305,L3-4终板炎
3306,右肺多发小结节
3307,2型糖尿病
3308,两侧额顶叶及侧脑室旁慢性缺氧性改变
3309,高血压病(2级
3310,后颈部皮肤破溃
3311,胰腺癌术后
3312,右侧股骨头坏死
3313,糖尿病视网膜病变术后
3314,右侧全髋关节置换术后
3315,主动脉瓣重度狭窄
3316,T1/2椎间盘突出）
3317,cM0）
3318,慢性支气管炎急性发作
3319,左上肺结节
3320,过敏性鼻炎
3321,间歇性窦性心律不齐
3322,子宫肌瘤剔除术后
3323,胃息肉(已夹除)
3324,中度贫血
3325,不完全性肠梗阻
3326,视神经炎
3327,右股骨头置换术后
3328,右侧下叶胸膜下结节
3329,冠心病 陈旧性前壁心肌梗死
3330,胰体部低密度占位
3331,声带息肉摘除术后
3332,高血压病2级（很高危组）
3333,戊肝病毒感染
3334,浅表性胃炎伴胆汁反流
3335,桥本氏甲状腺炎
3336,颈椎管狭窄
3337,糖尿病视网膜病变II期
3338,骨囊肿
3339,甲亢I131治疗术后
3340,脚癣
3341,鼻咽癌放化疗术后
3342,左房粘液瘤+二尖瓣
3343,多发性脆性骨折
3344,外耳道新生物
3345,双侧腋窝及纵膈多发小淋巴结
3346,肝硬化可能（需排除占位性病变）
3347,甲状腺右叶占位
3348,C6/7椎间盘轻度膨出
3349,右侧肾上腺及左侧肾上腺外侧支增粗
3350,左下肢脉管炎伴感染
3351,左侧上颌窦筛窦炎症
3352,脑出血后遗症期
3353,慢性肾功能不全（CKD 3期）
3354,右侧蝶窦炎
3355,支气管扩张症
3356,双侧鼓室置管术后
3357,骨质疏松症
3358,左眼外伤后失明
3359,病态窦房结综合征
3360,肛瘘手术术后
3361,神经源性膀胱
3362,肝脏小囊肿
3363,子宫卵巢切除术后
3364,双肺多发结节
3365,左侧肾上腺结合部轻度增粗
3366,阑尾切除术后
3367,上颌窦炎
3368,颈椎病伴椎间盘突出
3369,甲状腺癌切除术后
3370,脾肿大并脾动脉瘤
3371,高血压（1级）
3372,二尖瓣返流
3373,鼻窦炎术后
3374,先天性心脏病（卵圆孔未闭）
3375,动脉粥样硬化症（颈动脉
3376,肝左外叶血管瘤
3377,持续性心房颤动
3378,左侧肾结石术后
3379,肝癌肝移植术后
3380,食管裂孔疝
3381,阑尾炎
3382,骶椎退变
3383,双侧胫前动脉闭塞
3384,幼稚子宫
3385,阴道炎
3386,多发陈旧性腔隙性脑梗死
3387,萎缩性胃炎伴胆汁反流
3388,右侧颈部淋巴结切除术后
3389,右侧枕部颅板下结节
3390,左肺下叶局限性肺气肿
3391,糖尿病视网膜病变激光治疗术后
3392,返流性食管炎
3393,双肾多发囊肿
3394,TIPS术后
3395,左下肢动脉粥样硬化
3396,糖尿病周围神经性病变
3397,亚临床甲状腺机能 减退症
3398,颈椎椎间盘突出症
3399,双侧大脑后动脉P1段局部管腔狭窄
3400,右膝骨性关节炎
3401,冠状动脉粥样硬化性心脏病 PCI支架置入术后
3402,脊柱侧弯
3403,双肾体积增大
3404,左侧髋关节积液
3405,双侧颈动脉内膜增厚伴斑块形成
3406,反流性食管炎  浅表性胃炎
3407,双侧肾结石
3408,胃息肉夹除术后
3409,黄斑病变
3410,腰椎退变伴L3-S1椎间盘膨出
3411,宫颈癌全子宫切除术后
3412,右侧椎动脉闭塞
3413,高血压1级（很高危）
3414,右侧大脑后动脉局限性狭窄
3415,声带水肿
3416,高血压病3级（很高危组）
3417,贲门囊肿切除术后
3418,异体脐带血间充质干细胞移植术后
3419,右侧肾上腺肿瘤（嗜铬细胞瘤）
3420,双侧扁桃体摘除术后
3421,轻度慢性萎缩性胃炎伴肠上皮化生（急性活动期）
3422,双侧鼻息肉
3423,右肾结节样钙化灶
3424,右侧甲状腺单纯性囊肿
3425,糖尿病视网膜病变
3426,高雄激素血症
3427,左侧大脑中动脉M1段局部管腔狭窄
3428,腔隙性脑梗死（急性期）
3429,前列腺小囊肿
3430,孕11周
3431,右耳后囊腺瘤术后
3432,急性肾功能不全（恢复期）
3433,痛风急性发作
3434,下鼻甲肥大
3435,双膝关节少量积液
3436,右上肢良性骨髓瘤术后
3437,双侧基底节腔梗
3438,子宫内膜增厚
3439,子宫囊性占位
3440,白细胞降低
3441,左侧肺炎
3442,维生素B12偏低
3443,子宫肌瘤
3444,桥本氏甲状腺炎可能
3445,甲状腺结节（左右叶）
3446,右下肢皮肤软组织感染
3447,未分化结缔组织病待排
3448,妊娠12周
3449,右颈部占位
3450,结肠息肉摘除术
3451,慢性肾脏病 第2期
3452,双侧肱骨近端骨折内固定术后
3453,肢端肥大症
3454,阵发性心房纤颤
3455,双侧筛窦炎
3456,泌尿道感染
3457,胃多发息肉（部分钳除）
3458,大隐静脉高位结扎剥脱术后
3459,两肺小结节 右肺局限性肺气肿
3460,第12胸椎骨折
3461,肺大泡
3462,肾错构瘤
3463,左肺多发小结节
3464,左侧肾上腺外侧支结节（髓脂瘤可能）
3465,糖尿病性视网膜病变（I期）
3466,冠状动脉粥样硬化性心脏病（心功能II级）
3467,右侧乳腺囊肿
3468,腰椎退变 腰椎间盘突出
3469,慢性肾脏病（CKD2期）
3470,胃息肉摘除术后
3471,右侧肾上腺外侧支结节样增粗
3472,椎体转移灶可能
3473,乙肝后肝硬化失代偿期
3474,双侧卵巢巧克力囊肿
3475,T11-L2椎体许莫氏结节
3476,丙型肝炎
3477,高血压Ⅰ级（极高危组）
3478,双侧颈动脉斑块
3479,升结肠中分化腺癌
3480,慢性心功能不全
3481,右侧多发陈旧性肋骨骨折
3482,左胫骨平台骨折术后
3483,双侧乳房包块
3484,糖尿病视网膜病变 2期
3485,高血压病   2级  极高危
3486,心房纤颤
3487,左侧髂总动脉狭窄
3488,慢性支气管炎伴肺部感染
3489,左肩胛骨骨折内固定术后
3490,肝内钙化灶
3491,右侧大脑前动脉A1段闭塞
3492,胆囊炎合并胆囊多发结石
3493,继发性间质性肺炎
3494,心律失常 房性早搏伴短阵性房性心动过速
3495,右侧乳腺结节
3496,糖尿病自主神经病变
3497,酒精性脂肪性肝病
3498,非萎缩性胃炎伴息肉样增生
3499,尿道取石术后
3500,左下肢静脉瓣关闭不全
3501,左侧桡骨骨折
3502,慢性非萎缩性浅表性胃炎
3503,帕金森叠加综合征
3504,左侧颞顶叶急性期腔隙性脑梗死
3505,结节性痒疹
3506,右肺局限性肺气肿
3507,粒细胞减少症
3508,糖尿病足
3509,宫内置环
3510,二尖瓣轻度反流
3511,胆囊炎伴胆囊内结石
3512,肛门囊肿切除术后
3513,双下肢动脉粥样硬化闭塞症
3514,牙龈脓肿
3515,桥本甲状腺炎（甲亢期）
3516,蝶窦炎
3517,心律失常：室性早搏
3518,腰椎开窗减压手术后
3519,两肺纹理稍增多
3520,糖尿病周围病变
3521,L2/3及L4-S1椎间盘轻度突出
3522,药物流产术后
3523,肝占位：HCC？
3524,甲状腺功能亢进症(Graves病)
3525,管状腺瘤伴低度上皮内瘤变
3526,轻度肺动脉高压症
3527,萎缩性胃炎伴肠上皮化生
3528,消化道肿瘤？
3529,胰管结石
3530,冠心病 陈旧性心肌梗死
3531,右肾体积稍小
3532,右侧腹股沟囊肿切除术后
3533,双侧踝关节退变
3534,肠息肉钳除术后
3535,胃溃疡
3536,胃多发息肉
3537,胃吻合口炎
3538,高血压病2级 (极高危)
3539,肝细胞性肝癌术后
3540,右正中神经腕点损害可能
3541,1型呼吸衰竭
3542,左肺下叶陈旧性病灶
3543,冠状动脉硬化症伴狭窄
3544,两侧中耳乳突炎
3545,双上肺结核
3546,卵巢癌术后
3547,右侧胫骨平台及髌骨
3548,右侧上颌窦粘膜下囊肿
3549,左侧髌韧带损伤
3550,左侧上颌窦粘膜下囊肿
3551,右肾多发结石
3552,精囊炎
3553,子宫内膜癌
3554,左乳房肿块
3555,双肺多发小结节
3556,间歇性II度房室阻滞
3557,冠心病；
3558,子宫次全切术后
3559,中轴型骨关节炎
3560,十二指肠球部息肉
3561,前列腺增生症 前列腺多发结石
3562,肝血管瘤可疑
3563,右眼白内障
3564,心脏瓣膜病
3565,高血压 2级（极高危）
3566,高血压病3级
3567,双侧颈动脉内膜增厚
3568,L4/5椎间盘突出
3569,左乳纤维腺瘤术后
3570,双肺胸膜下结节
3571,右侧背部肌层实质性占位
3572,左糖尿病足伴感染
3573,骨性关节炎
3574,右下肢丹毒
3575,乳腺纤维瘤切除术后
3576,萎缩性鼻炎术后
3577,C6-7椎体轻度终板炎
3578,窦性心律不齐
3579,糖尿病视网膜病变3期
3580,慢性丙型肝炎
3581,左肺局限性肺气肿
3582,乙状结肠憩室
3583,垂体前叶功能减退
3584,冠状动脉支架术后
3585,2型糖尿病性视网膜病变
3586,甲状腺功能减退（桥本甲状腺炎）
3587,原发性甲状旁腺功能亢进
3588,升结肠憩室
3589,霉菌性阴道炎
3590,极高危)
3591,右眼麦粒肿术后
3592,牙周感染
3593,部分性垂体前叶功能减退症(甲状腺轴
3594,右眼玻璃体出血
3595,胆总管轻度扩张
3596,急性髓细胞性白血病（M2a型）
3597,左足第5足趾切除术后
3598,胆囊胆固醇结晶
3599,直肠囊肿术后
3600,冠心病（1.不稳定性心绞痛2.PCI术后）
3601,糖尿病
3602,右眼青光眼术后
3603,胸腰椎间盘突出伴腰椎管狭窄
3604,双膝半月板损伤
3605,右侧臀部结节
3606,双侧晶状体置换术后
3607,高血压病（2级极高危）
3608,左肾错构瘤
3609,十二指肠溃疡
3610,前列腺癌根治术后
3611,高血压病（3级 极高危）
3612,垂体前叶功能减退（皮质功能减退）
3613,回盲部包块
3614,右肺中叶点状钙化灶
3615,颈动脉粥样硬化
3616,右下肢静脉炎
3617,主动脉钙化
3618,预激综合征
3619,糖尿病视网膜病变III期
3620,肾功能不全
3621,糖尿病肾病（V期）
3622,轻度二尖瓣狭窄
3623,肝脏近膈顶处小片状低密度影
3624,双乳腺小叶增生
3625,高血压1级（高危）
3626,内痔
3627,胰腺癌
3628,C5/6椎体相对缘终板炎
3629,胆管结石
3630,直肠神经内分泌肿瘤切除术后
3631,肝内外胆管扩张
3632,左下肺部分切除术后
3633,左侧肾上腺结节状增粗
3634,颈动脉狭窄
3635,左侧基底节区腔梗
3636,冠心病（1）冠状动脉支架植入术后
3637,慢性粒细胞性白血病
3638,轻度尿潴留
3639,L4轻度前滑脱
3640,L3压缩性骨折
3641,高血压病 （Ⅲ级 极高危）
3642,左肾切除术后
3643,三叉神经痛
3644,高血压3级（极高危组）
3645,前列腺电切术后
3646,滴虫性阴道炎
3647,I型糖尿病
3648,左肺上叶胸膜下结节
3649,宫内早孕
3650,双膝骨性关节炎
3651,胃溃疡（A1期）
3652,左侧上颌窦囊肿
3653,双侧腕管综合症可能
3654,双眼白内障
3655,右中上肺多发小结节
3656,左侧肾上腺结合部结节样增粗
3657,左侧附件囊肿
3658,甲状腺结节切除后
3659,骶髂关节骨关节炎
3660,胆总管扩张
3661,高血压病2级（高危）
3662,胃穿孔修补术后
3663,近视
3664,垂体前叶功能减退(FSH
3665,双侧肾上腺增生
3666,I°房室传导阻滞
3667,高血压病2级（极高危)
3668,甲亢I131术后
3669,右肾囊肿
3670,丘脑疼痛综合症
3671,黄韧带肥厚
3672,右心房占位
3673,颈动脉硬化
3674,轻度慢性浅表性胃炎
3675,左侧异位肾
3676,糖尿病肾病（CKD5期）
3677,左前分支传导阻滞
3678,左股浅动脉狭窄
3679,心律失常 窦性心动过速
3680,腹股沟斜疝
3681,右肾上腺结节
3682,左侧基底节海绵状血管瘤
3683,左侧乳房肿瘤切除术后
3684,糖尿病视网膜病变2期
3685,颈椎退变
3686,胃癌Ⅳ期
3687,右肾体积增大
3688,右侧乳腺癌乳腺全切术
3689,右外展神经麻痹
3690,左侧附睾囊肿
3691,中度慢性非萎缩性伴急性活动和浅表粘膜糜烂
3692,右侧上颌窦及蝶窦炎
3693,冠状动脉粥样硬化性心脏病支架植入术后
3694,两侧肾上腺稍增粗
3695,消化性溃疡
3696,颈动脉粥样硬化伴斑块形成
3697,高血压病1级(极高危)
3698,两侧臀部脂肪层内钙化
3699,铁代谢紊乱
3700,双侧肾上腺结节
3701,高血压病1级（极高危组）
3702,冠心病 陈旧性心肌梗死 PCI术后
3703,肠系膜淋巴结炎
3704,维生素Ｄ缺乏
3705,急性糜烂性胃炎
3706,冠状动脉旁路移植术+自体血管重建术后
3707,陈旧性脑梗塞
3708,双乳乳腺小叶增生症
3709,肝实质性占位（血管瘤可能）
3710,腰椎间盘突出症术后
3711,疤痕子宫(剖宫产术后)
3712,乙状结肠管状腺瘤伴低密度上皮内瘤变术后
3713,结肠多发息肉摘除术后
3714,甲状腺功能减退
3715,颈椎病伴椎管狭窄
3716,高血压3级 极高危组
3717,Ⅰ度房室传导阻滞
3718,右足骨折术后
3719,胆结石
3720,右侧肾上腺髓脂瘤
3721,C4-7椎间盘突出伴相应颈椎管狭窄
3722,二尖瓣扩张术后
3723,二尖瓣置换术后
3724,胆囊多发性结石
3725,疝修补术后
3726,糖尿病大血管病变
3727,皮疹
3728,肺小结节
3729,颈椎间盘突症
3730,抑郁状态
3731,非酒精性脂肪肝炎
3732,胰尾不均质团块
3733,左侧下鼻甲肥大
3734,冠心病 冠状动脉支架植入术后
3735,右侧肾盂旁囊肿
3736,右下肢动脉粥样硬化症
3737,高血压病2级  极高危组
3738,高钙血症
3739,右肺间质性变
3740,左颈后皮肤蜂窝组织炎
3741,脾脏低密度影
3742,子宫直肠窝积液
3743,肾小结石
3744,右侧肾盂输尿管扩张积水
3745,双侧胸膜轻度增厚
3746,慢性淋巴细胞白血病
3747,子宫下段剖宫产术后
3748,右侧颈动脉斑块形成
3749,左膝关节炎
3750,重症肌无力（眼肌型）
3751,帕金森病
3752,肝内回声不均与（血管瘤？血管畸形？）
3753,左肺上叶后段局部支气管内软组织影伴钙化
3754,胰头钙化灶
3755,子宫肌瘤术后
3756,左下肢静脉血栓介入术后
3757,肝左叶囊肿
3758,急性胰腺炎（恢复期）
3759,永久起搏器植入术后
3760,颈椎间盘突出症伴椎间盘变性
3761,慢性萎缩性胃炎伴胆汁反流
3762,两肺多发索条影
3763,右肾钙化
3764,双肾小结石
3765,右眼人工晶体眼
3766,胆囊肿大
3767,高血压病1级 极高危组
3768,椎动脉
3769,泌尿系感染
3770,肩锁关节炎
3771,两侧骶髂关节炎
3772,右下肢皮肤烫伤后
3773,肩周炎(右)
3774,动静脉瘘术后
3775,脱髓鞘病变
3776,左膝关节退行性骨关节炎
3777,松果体囊肿
3778,甲亢
3779,左侧肾上腺体部增粗
3780,胃息肉切除术后
3781,一度房室传导阻滞
3782,败血症
3783,低钾血症（药物性）
3784,维生素D缺少
3785,左肾上腺低密度结节
3786,结肠息肉摘除术后
3787,左眼赘生物切除术后
3788,L2椎体血管瘤
3789,吻合口炎
3790,慢性乙型肝炎
3791,冠心病
3792,前列腺癌化疗后
3793,冠心病冠脉支架术后
3794,右髋关节置换术后
3795,右侧基底节区腔隙性脑梗死
3796,高胆红素血症
3797,右腹股沟疝
3798,紧张性头痛
3799,胃体息肉钳除术后
3800,尿路真菌感染
3801,右肺上叶肺气肿
3802,鼻中隔轻度偏曲
3803,肝囊肿
3804,息肉摘除术
3805,左侧分泌性中耳炎
3806,胃转流+胆囊切除术
3807,肝左叶占位？可疑ICC
3808,输卵管结扎手术后
3809,多处狭窄）
3810,间歇性II度房室传导阻滞
3811,劲动脉粥样硬化症
3812,双下肢动脉狭窄
3813,高血压（3级
3814,双下肢静脉瓣关闭不全
3815,胰腺肿块切除术后
3816,慢性非萎缩性胃炎伴急性活动
3817,幽门螺杆菌感染
3818,糖尿病周维神经病变
3819,间位结肠
3820,颈动脉狭窄伴斑块形成
3821,室内传导阻滞
3822,周期性库欣综合症可能
3823,左小腿蜂窝织炎
3824,皮下脂肪瘤
3825,甲状腺机能亢进症
3826,颈动脉硬化症
3827,亚临床甲状腺功能减退
3828,右侧甲状腺结节（考虑甲状腺乳头状癌可能）
3829,右下肺炎
3830,高血压病 3级（极高危）
3831,左侧外周带结节
3832,左眼牵引性网脱
3833,垂体瘤
3834,韧带肌瘤术后
3835,骨量较少
3836,结肠癌
3837,贲门癌
3838,高血压3级（高危组）
3839,心功能不全 心功能Ⅲ级（NYHA分级）
3840,骨髓间充质干细胞移植术后
3841,右肺中下叶局限性肺气肿
3842,右肺上叶钙化灶
3843,双眼晶体置换术后
3844,颅内动脉粥样硬化症
3845,正中神经腕点损害
3846,双眼玻璃体出血
3847,支气管炎
3848,双侧甲状腺囊性结节
3849,甲状腺内结节伴钙化（甲状腺乳头状癌？）
3850,糖尿病视网膜病变 I 期
3851,双侧下鼻甲肥厚
3852,左肺下叶结节
3853,右足骰骨骨折外固定术后
3854,轻度慢性萎缩性胃炎伴肠上皮化生（急性活动）
3855,回肠末端炎
3856,消化道出血 部分肠管切除术后
3857,自体干细胞移植后
3858,左手腱鞘囊肿术后
3859,孕9周
3860,阿茨海默病
3861,双侧乳腺退化不全
3862,盆腔炎
3863,左侧颈动脉内膜增厚
3864,痴呆
3865,左上肺陈旧性病灶
3866,慢性肾脏病（CKD 4期）
3867,股动脉粥样硬化症
3868,糖尿病视网膜病变（右眼III期
3869,粒细胞缺乏
3870,肝内高回声区
3871,慢性房颤
3872,胰腺占位
3873,胸椎轻度侧弯
3874,双侧颈动脉斑块形成；
3875,右上肺局限性肺气肿
3876,左侧甲状腺内钙化
3877,腹外伤开腹肠吻合术后
3878,左侧颈动脉球部内膜增厚
3879,晶体置换术后
3880,左肺上叶磨玻璃影
3881,轻度认知功能障碍
3882,十二指肠球部溃疡
3883,左耳突发性聋
3884,左下肢截骨矫正术后
3885,双肾积水
3886,腰椎骨折内固定术后
3887,前列腺结石
3888,垂体生长激素瘤复发
3889,肺栓塞
3890,高血压病1级（极高危组)
3891,肾动脉
3892,右陈旧色素膜炎
3893,肝多发囊肿
3894,频发早搏
3895,高血压病1级（高危组）
3896,肛周脓肿根治术后
3897,右肺下叶背段实变
3898,双眼糖尿病黄斑水肿
3899,右侧颈内动脉闭塞
3900,窦性心动过速
3901,肾动脉狭窄
3902,双下肢脓肿切开术后
3903,椎体终板炎（C6-7）
3904,左侧颈动脉闭塞
3905,右肺胸膜下结节
3906,窦房结功能减退
3907,颈椎间盘突出（C5-C7）
3908,右肺下叶胸膜小结节
3909,胰胆管改道术后
3910,回盲瓣炎
3911,缺血型视神经炎
3912,双侧大脑动脉粥样硬化
3913,掌跖脓疱病
3914,跖疣冷冻术后
3915,高血压病3级（很高危）
3916,类风湿关节炎可能
3917,膝关节囊肿
3918,左跟骨退变
3919,糖尿病视网膜病变4期
3920,胃体息肉（已夹除）
3921,双眼人工晶体植入术后
3922,L1-S1椎间盘膨出伴腰椎管狭窄
3923,前列腺增生伴结石
3924,二尖瓣狭窄换瓣术后
3925,卵巢囊肿剥离术后
3926,右耳胆脂瘤摘除术后
3927,梗阻性黄疸
3928,右侧卵巢占位
3929,糖尿病视网膜病1期
3930,脾功能亢进
3931,右侧肾上腺结合部及左侧肾上腺结合部
3932,纵隔占位
3933,颈椎病伴C3-7椎间盘突出
3934,颈椎椎间盘突出
3935,亚临床甲减
3936,椎体血管瘤
3937,多发陈旧性脑梗死
3938,右肾小囊肿
3939,糖尿病视网膜病变（1期）
3940,甲状旁腺功能亢进
3941,糖网I期
3942,贫血（中度）
3943,宫颈恶性肿瘤 鳞癌Ⅲb期
3944,冠心病（1）冠脉支架植入术后
3945,肝实质占位（血管瘤可能）
3946,右眼牵拉性视网膜脱落
3947,急性扁桃体炎
3948,痛风性关节炎
3949,急性胰腺炎(恢复期)
3950,脑梗塞后遗症
3951,右肺下叶结节
3952,右下肢脂肪瘤切除术后
3953,肝血管瘤可能
3954,双肺上叶局限性肺气肿
3955,肺囊肿
3956,特发性水肿
3957,低磷血症
3958,慢性淋巴细胞性白血病
3959,脊柱退变
3960,陈旧性腔隙性脑梗
3961,左肾上腺结合部结节样增厚
3962,脑梗死（后遗症期）
3963,（胃体）轻度慢性萎缩性胃炎伴肠上皮化生
3964,高频听力损失
3965,肝脏多发小囊肿
3966,椎管狭窄）
3967,完全性中枢性尿崩症
3968,肋骨骨折
3969,管状腺瘤伴低度上皮内瘤变（升结肠
3970,Ⅱ度房室传导阻滞
3971,亚临床型糖尿病周围神经病变
3972,妊娠32周
3973,升主动脉瘤
3974,右顶骨骨瘤
3975,右肺气肿
3976,切口疝
3977,颈椎间盘突出症
3978,左侧乳腺瘤样增生可能
3979,甲状腺癌
3980,高泌乳素血症
3981,两侧骶髂关节退变
3982,右肾癌
3983,右侧甲状腺多发结节
3984,肝左叶囊肿(可能)
3985,肾小球肾炎?
3986,左肺肺气肿
3987,两肺炎症
3988,糖尿病性酮症酸中毒
3989,持续性房颤
3990,颈动脉
3991,肱骨折内固定术后
3992,L5/S1椎间隙狭窄
3993,右下肢静脉血栓
3994,食管中下段后壁增厚
3995,神经性耳聋
3996,膝关节退行性骨关节炎
3997,桥本甲状腺炎
3998,右上颌窦囊肿
3999,腹腔内多发钙化结节
4000,主动脉粥样硬化
4001,左侧输尿管扩张（轻度）
4002,甲亢131碘同位素术后
4003,枕叶海绵状血管瘤或钙化灶可能
4004,轻度突出
4005,甲状腺结节（乳头状癌？）
4006,肠息肉切除术
4007,心律失常：
4008,双向情感障碍
4009,肝脏左叶囊肿
4010,胆总管扩张伴结石
4011,左侧放射冠区腔梗
4012,右肾多发囊肿
4013,冠状动脉硬化性心脏病（PCI术后）
4014,乳腺纤维腺瘤
4015,两肺下叶胸膜下轻度间质性改变
4016,双侧前臂脂肪瘤可能
4017,胆囊炎合并胆囊内结石
4018,左眼外伤后失明（左眼义眼）
4019,脑鸣
4020, 糖调节受损
4021,肝右叶实质性占位（血管瘤可能）
4022,肝脏占位
4023,C5/6
4024,糖尿病性肾病
4025,结肠息肉钳除术后
4026,双肾窦高密度影
4027,子宫部分切除术后
4028,偶发房性早搏
4029,子宫肌瘤可能
4030,腰椎退变伴椎间盘变性
4031,肝硬化 门静脉高压 脾功能亢进
4032,高促性腺激素型性腺功能减退症
4033,高血压2及（极高危）
4034,颈椎
4035,频发性室性期前收缩
4036,右肘关节病
4037,子宫切除术后
4038,阵发性房颤
4039,纵膈内淋巴结肿大
4040,右踝跟骨骨质增生
4041,鼻中隔左偏
4042,双侧膝关节积液
4043,皮质醇增多症待排
4044,睾丸积水术后
4045,7肋骨骨折
4046,肾囊肿切除术后
4047,左肾癌根治性切除术后
4048,左眼糖尿病视网膜病变
4049,慢性萎缩性胃炎（C1）伴糜烂
4050,高血压3级（很高危组）
4051,房性早搏成对出现
4052,右侧甲状腺实质性占位
4053,间歇性I度房室传导阻滞
4054,试管婴儿术后
4055,右肾结石碎石术后
4056,乏脂性湿疹
4057,胆囊结石伴胆囊炎
4058,右上肺陈旧病灶
4059,左侧肾上腺结合部结节
4060,肝右叶多发小囊肿
4061,糖尿病性视网膜病变1期
4062,胃底腺多发息肉夹除术后
4063,右肾脏囊肿
4064,肺部陈旧性病灶
4065,颈椎病（颈椎C3-6椎间盘突出
4066,前列腺增生症术后
4067,左眼视神经炎
4068,肺占位？
4069,颈动脉支架植入术后
4070,左肾透明细胞癌术后
4071,垂体后叶囊性结节
4072,右下肢动脉闭塞
4073,系统性红斑狼疮
4074,慢性萎缩性胃炎急性活动
4075,心房良性肿瘤术后
4076,左侧甲状腺内结节
4077,甲状腺机能亢进症术后
4078,L4/5椎间盘突出伴椎管狭窄
4079,双侧肱骨内固定植入术后；
4080,盆腔积液
4081,双眼白内障人工晶体植入术后
4082,头臂干动脉瘤
4083,两侧胸膜局限性增厚
4084,肛门息肉术后
4085,白内障术后（右眼）
4086,乙状结肠息肉(已摘除)
4087,糖尿病性肾病III期
4088,慢性肾功能不全2期
4089,升结肠中分化腺癌pT3N0M0IIA期
4090,老年性痴呆
4091,肝脏肿瘤
4092,非酒精性脂肪肝肝炎
4093,右卵巢平滑肌瘤术后
4094,浅表性胃炎（轻度慢性萎缩性胃炎伴肠上皮化生）
4095,高血压病1级（极高危）
4096,痛风性肾病
4097,L1-3腰椎间盘膨出
4098,背部皮下包块
4099,急性胆囊炎
4100,高血压（1级
4101,糖尿病肾病慢性肾脏病3期
4102,颈动脉粥样斑块硬化症
4103,胃角溃疡
4104,右肺结节影
4105,高血压Ⅰ级（极高危）
4106,左心功能不全
4107,慢性非萎缩性胃炎伴淋巴滤泡形成
4108,心功能Ⅱ级
4109,冠脉支架植入术后
4110,慢性肾功能不全
4111,腔隙型脑梗死
4112,哮喘
4113,植物神经功能紊乱
4114,两下肺少量渗出
4115,糖尿病周围神经损害
4116,冠状动脉造影+临时起搏+PTCA术后
4117,双侧附件囊肿
4118,肝右叶多发低密度灶
4119,孕12周
4120,胃脂肪瘤
4121,左颈动脉粥样斑块形成
4122,轻度肺动脉高压
4123,主动脉瓣置换+二尖瓣成形术后
4124,垂体柄增粗
4125,L4/S1椎间盘突出
4126,糖调节受损
4127,骨质减少
4128,右侧下肢静脉瓣关闭不全
4129,甲亢性心脏病
4130,高血压病 3级 很高危
4131,C4/5右侧神经根鞘囊肿
4132,皮肤感染
4133,左侧乳腺切除术后
4134,复合型溃疡
4135,双侧乳腺小叶增生
4136,左甲状腺结节
4137,两肺下叶支扩
4138,部分伴交界性逸搏
4139,左侧颈动脉斑块剥离术后
4140,冠心病  陈旧性心肌梗死
4141,风湿性关节炎
4142,右糖尿病足
4143,糜烂性胃炎伴幽门螺旋杆菌感染
4144,乙型
4145,右肾实质性占位（肾错构瘤可能）
4146,左侧乳腺癌
4147,重度骨质疏松症
4148,双侧卵巢切除术后
4149,乳腺增生
4150,胰管结石切除术后
4151,肾上腺结合部结节样增粗
4152,糖尿病视网膜病变（激光治疗术后）
4153,急性化脓性扁桃体炎
4154,膀胱肿物切除术后
4155,痛风（缓解期）
4156,皮质醇增多症：库欣病
4157,掌跖角化症
4158,多发腔隙性脑梗死
4159,扩张性心肌病
4160,腱鞘炎
4161,右乳结节
4162,左输尿管结石取石术后
4163,左乳结节切除术后
4164,左测肾上腺增粗
4165,右侧小腿肌间静脉血栓
4166,非酒精性脂肪肝
4167,左侧椎动脉球囊扩张支架置入术后
4168,L2-S1椎间盘突出伴腰椎管轻度狭窄
4169,右侧甲状腺结节伴钙化 甲状腺乳头状癌可能
4170,膀胱结石
4171,双侧胸腔积液
4172,左下腹皮肤软组织感染
4173,蝶窦炎症
4174,肝癌切除术后
4175,结肠癌术后
4176,血清25羟维生素D缺乏症
4177,高血压病2级高危组
4178,盆腔占位
4179,双侧乳突炎
4180,左侧丘脑腔隙性脑梗死
4181,贲门ESD术后溃疡
4182,低白蛋白血症
4183,左侧基底节区腔隙性脑梗塞
4184,左肺下叶胸膜下结节
4185,先天性心脏病（房间隔小缺损或卵圆孔未闭）
4186,脾内多发性实质性占位病变
4187,多囊卵巢综合征
4188,T12椎体形态异常
4189,右肋骨陈旧性骨折
4190,右桡骨粉碎性骨折术后
4191,高血压病1级（高危）
4192,颈内动脉粥样硬化斑块形成
4193,右下肢大隐静脉曲张
4194,膝关节退行性变
4195,左侧乳突炎症
4196,糖尿病心血管自主神经病变
4197,左肺支气管扩张
4198,下肢静脉血栓
4199,小肠疝气
4200,直肠息肉夹除后
4201,左膝关节损伤
4202,慢性乙型肝炎携带
4203,右肺上叶小结节
4204,腰椎不稳定
4205,左侧精索静脉曲张
4206,结肠息肉（夹除术后）
4207,L5/S1椎间盘变性
4208,肠息肉摘除术后
4209,孕16周
4210,急性阴道炎
4211,双侧肾脏轻度积水
4212,糖尿病视网膜病变I期
4213,前列腺内钙化灶
4214,人工荨麻疹
4215,慢性非萎缩性胃炎（轻度）
4216,右侧腹股沟疝气
4217,听力下降
4218,脾脏囊肿
4219,左膝外侧半月板后角损伤
4220,白细胞减少
4221,高血压病2级（极高危组)
4222,下肢动脉粥样硬化
4223,冠心病 冠脉支架植入术后 心功能不全
4224,疝气
4225,子宫肌瘤切除手术后
4226,肺大疱
4227,双侧甲状腺结节伴钙化
4228,高血压病2级（很高危）
4229,经腹腔镜行胃转流术+胆囊切除术+远端胃切除术后
4230,右肺占位
4231,粒细胞缺乏症
4232,腰骶椎间盘突出
4233,颈动脉粥样动脉硬化
4234,下肢动脉粥样硬化症（右胫后动脉闭塞）
4235,高钾血症
4236,右肺上叶磨玻璃结节
4237,右手腱鞘囊肿切除术后
4238,原发性醛固酮增多症
4239,高血压病3极（极高危）
4240,急性阑尾炎
4241,颈椎椎间盘突出症（C3-7）
4242,干细胞移植术后
4243,右侧肾脏小结石
4244,十二指肠球部溃疡（S2期）
4245,右肺结节斑片影
4246,胆囊赘生物
4247,S1终板炎
4248,腰椎间盘突出
4249,左侧甲状腺囊肿
4250,左侧重复肾
4251,左小腿软组织挫伤
4252,非ACTH依赖型皮质醇增多症
4253,高位截瘫
4254,冠状动脉搭桥术后
4255,肝右叶部分切除术后
4256,胆囊炎并胆囊内结石
4257,尿道结石术后
4258,右侧脑室前角内结节样病变
4259,慢性心功能不全 心功能Ⅲ级（NYHA分级）
4260,胆囊胆固醇沉着症
4261,食管溃疡
4262,前列腺癌？
4263,全子宫及两侧附件切除术
4264,维生素D不足
4265,高催乳素血症
4266,肾性贫血
4267,糖尿病周围神经病变
4268,伴椎管狭窄
4269,25羟维生素D缺乏症
4270,肝脏内实质性占位（血管瘤可能）
4271,左肾小囊肿
4272,COPD
4273,L4/5椎间盘轻度突出
4274,胃穿孔术后
4275,胃部复合性溃疡
4276,无症状菌尿
4277,腹股沟疝
4278,胃癌 IIIB（T3
4279,阻塞性肺气肿
4280,双侧颈动脉硬化伴右侧斑块形成
4281,垂体微腺瘤（可能）
4282,右侧肾脏囊肿
4283,双膝关节退行性病变
4284,双肾结石
4285,高血压病2级（高危组）
4286,慢性肾脏病（Ⅱ期）
4287,右侧劲动脉粥样硬化症
4288,宫内置环（环位下移）
4289,双耳听力减退
4290,异体脐带间充质干细胞移植术后
4291,双侧乳腺多发钙化灶
4292,异体间充质（脐带血）干细胞移植术后
4293,腰椎陈旧性骨折
4294,继发性甲状旁腺功能亢进症
4295,腰椎间盘突出症 腰椎管狭窄
4296,动脉粥样硬化（颈动脉及下肢动脉）
4297,龟头炎
4298,低T3综合征
4299,左心房增大
4300,肠腔内低密度影
4301,突发性耳聋
4302,陈旧性脑干腔隙性梗死
4303,室间隔膜部瘤
4304,右颈动脉内膜增厚
4305,右股骨中段陈旧性骨折内固定术后
4306,左侧肋骨骨折
4307,肝内多发乏血供
4308,肺癌术后
4309,窦性停搏伴室性异搏心律
4310,肌肉损伤
4311,两肺上叶结节
4312,维生素D不足症
4313,肺部小结节
4314,乙状结肠息肉（Ca变可能）
4315,右眼玻璃体切除术后
4316,寒冷性荨麻疹
4317,颈椎间盘突出伴椎间盘变性
4318,右中肺胸膜下结节
4319,胆囊结石合并胆囊炎
4320,左髋退变
4321,高血压病I级（高危组）
4322,高血压1级（很高危组）
4323,糖尿病视网膜病变IV期
4324,腰4/5
4325,右眼球下出血
4326,双侧鼻息肉切除术+鼻窦开放术后
4327,肥厚性心肌病
4328,高血压病1级(高危组)
4329,原发性甲状腺功能减退症
4330,子宫肌层内多发斑点
4331,左下肢动脉闭塞支架植入术后
4332,结肠息肉钳夹术后
4333,结肠毛细血管扩张
4334,甲状腺功能减退症（桥本甲状腺炎）
4335,双侧骶髂关节炎
4336,甲状腺功能亢进症（Graves症）
4337,右肩胛骨骨折内固定术后
4338,绝经后子宫内膜增厚
4339,脾脏肿大
4340,左手食指
4341,泌尿系结石
4342,右肾小结石
4343,冠状动脉粥样硬化型心脏病
4344,高血压病 2级 高危
4345,动脉粥样硬化
4346,更年期综合征
4347,动脉粥样硬化症（颈
4348,4后肋陈旧性骨折
